EmployeeID,FiscalYear,JobLevel,Gender,AgeGroup,Department,NewHire,Turnover,Promoted,PerformanceRating,YearsInLevel
EMP-0001,FY20,Entry,Male,25-34,Finance,No,Yes,No,3.7,3.8
EMP-0002,FY20,Entry,Male,25-34,Technology,No,No,No,3.0,6.4
EMP-0003,FY20,Entry,Male,25-34,Technology,No,No,No,2.4,6.8
EMP-0004,FY20,Entry,Male,55-64,Sales,No,Yes,No,3.6,6.3
EMP-0005,FY20,Entry,Male,65+,Finance,No,No,No,2.6,5.6
EMP-0006,FY20,Entry,Male,55-64,Legal,Yes,No,No,2.6,4.7
EMP-0007,FY20,Entry,Male,55-64,Operations,No,No,No,3.1,1.9
EMP-0008,FY20,Entry,Male,25-34,Operations,Yes,Yes,No,2.5,7.5
EMP-0009,FY20,Entry,Male,55-64,Sales,No,No,No,3.1,0.7
EMP-0010,FY20,Entry,Male,35-44,Sales,No,No,No,3.1,3.2
EMP-0011,FY20,Entry,Female,25-34,Finance,Yes,No,No,3.3,7.7
EMP-0012,FY20,Entry,Male,25-34,Sales,No,Yes,No,3.2,4.3
EMP-0013,FY20,Entry,Female,16-24,HR,No,Yes,No,2.1,0.6
EMP-0014,FY20,Entry,Male,65+,Operations,No,No,No,2.8,7.1
EMP-0015,FY20,Entry,Female,55-64,Sales,Yes,Yes,No,3.5,2.0
EMP-0016,FY20,Entry,Male,65+,Operations,No,No,No,3.2,2.5
EMP-0017,FY20,Entry,Female,65+,Strategy,No,Yes,No,3.6,6.4
EMP-0018,FY20,Entry,Female,35-44,Operations,No,No,No,3.2,4.6
EMP-0019,FY20,Entry,Male,25-34,Sales,Yes,No,No,2.5,7.8
EMP-0020,FY20,Entry,Female,25-34,Sales,Yes,No,No,3.0,7.2
EMP-0021,FY20,Entry,Female,45-54,Strategy,No,Yes,No,3.3,4.2
EMP-0022,FY20,Entry,Male,65+,HR,No,No,No,3.4,6.8
EMP-0023,FY20,Entry,Male,16-24,Technology,No,No,No,3.4,8.0
EMP-0024,FY20,Entry,Male,25-34,Technology,No,No,No,3.0,7.8
EMP-0025,FY20,Entry,Female,55-64,Finance,Yes,No,No,2.7,5.9
EMP-0026,FY20,Entry,Male,55-64,Strategy,Yes,No,No,2.0,6.3
EMP-0027,FY20,Entry,Female,65+,Technology,Yes,No,Yes,2.0,0.7
EMP-0028,FY20,Entry,Female,65+,Operations,No,No,No,3.5,1.6
EMP-0029,FY20,Entry,Male,45-54,Sales,No,No,No,3.7,5.9
EMP-0030,FY20,Entry,Female,25-34,Operations,No,No,No,2.4,3.8
EMP-0031,FY20,Entry,Male,65+,Sales,No,No,No,3.7,6.6
EMP-0032,FY20,Entry,Female,65+,Operations,No,Yes,Yes,3.1,5.2
EMP-0033,FY20,Entry,Female,25-34,HR,Yes,Yes,No,1.8,5.9
EMP-0034,FY20,Entry,Male,35-44,Legal,No,No,No,2.8,7.4
EMP-0035,FY20,Entry,Male,35-44,HR,No,No,Yes,3.1,1.9
EMP-0036,FY20,Entry,Female,35-44,Finance,Yes,No,Yes,3.4,2.9
EMP-0037,FY20,Entry,Female,65+,Strategy,Yes,Yes,No,2.6,4.3
EMP-0038,FY20,Entry,Female,25-34,Legal,Yes,No,No,3.1,0.7
EMP-0039,FY20,Entry,Male,35-44,Legal,Yes,No,Yes,2.9,6.4
EMP-0040,FY20,Entry,Female,65+,Sales,Yes,No,No,2.3,1.9
EMP-0041,FY20,Entry,Female,45-54,Sales,Yes,No,No,3.0,4.0
EMP-0042,FY20,Entry,Female,65+,Sales,No,No,No,3.9,4.4
EMP-0043,FY20,Entry,Female,45-54,Finance,No,Yes,No,3.3,4.7
EMP-0044,FY20,Entry,Female,16-24,Strategy,No,Yes,No,2.5,4.5
EMP-0045,FY20,Entry,Male,35-44,Operations,No,No,No,1.4,6.3
EMP-0046,FY20,Entry,Male,45-54,Technology,Yes,No,No,2.5,0.8
EMP-0047,FY20,Entry,Male,55-64,Finance,No,Yes,No,2.5,1.5
EMP-0048,FY20,Entry,Male,65+,Legal,Yes,No,No,3.7,7.4
EMP-0049,FY20,Entry,Male,25-34,HR,Yes,No,No,3.6,4.3
EMP-0050,FY20,Entry,Female,25-34,Strategy,No,No,No,2.2,6.0
EMP-0051,FY20,Entry,Male,45-54,Finance,Yes,No,No,3.2,1.1
EMP-0052,FY20,Entry,Female,35-44,Finance,No,No,Yes,3.4,5.8
EMP-0053,FY20,Entry,Female,65+,Operations,No,Yes,No,2.6,4.4
EMP-0054,FY20,Entry,Female,65+,Finance,No,Yes,Yes,4.1,5.5
EMP-0055,FY20,Entry,Female,35-44,Strategy,No,No,No,3.9,5.8
EMP-0056,FY20,Entry,Male,55-64,Strategy,No,No,No,3.0,0.5
EMP-0057,FY20,Entry,Female,45-54,Technology,Yes,Yes,No,2.6,0.7
EMP-0058,FY20,Entry,Female,25-34,Finance,No,No,No,2.1,7.1
EMP-0059,FY20,Entry,Female,35-44,Strategy,Yes,No,No,2.3,2.2
EMP-0060,FY20,Entry,Male,16-24,Finance,No,No,No,3.4,7.2
EMP-0061,FY20,Entry,Female,25-34,Operations,Yes,No,No,2.7,3.9
EMP-0062,FY20,Entry,Male,65+,HR,No,No,No,2.5,6.6
EMP-0063,FY20,Entry,Female,55-64,Operations,Yes,No,No,3.7,3.0
EMP-0064,FY20,Entry,Female,65+,Finance,No,No,No,3.8,1.5
EMP-0065,FY20,Entry,Male,65+,Technology,No,No,No,3.8,4.3
EMP-0066,FY20,Entry,Female,35-44,Strategy,Yes,No,No,2.6,4.3
EMP-0067,FY20,Entry,Male,35-44,HR,Yes,No,No,1.9,7.7
EMP-0068,FY20,Entry,Female,25-34,Operations,Yes,No,No,3.5,2.6
EMP-0069,FY20,Entry,Female,25-34,Finance,No,No,No,2.9,1.0
EMP-0070,FY20,Entry,Male,55-64,Operations,No,No,No,3.0,6.2
EMP-0071,FY20,Entry,Female,45-54,Technology,No,Yes,No,3.5,3.8
EMP-0072,FY20,Entry,Male,45-54,Strategy,No,Yes,No,3.3,5.9
EMP-0073,FY20,Entry,Female,55-64,Technology,Yes,Yes,No,2.9,3.3
EMP-0074,FY20,Entry,Male,45-54,Sales,Yes,No,No,3.3,1.3
EMP-0075,FY20,Entry,Female,35-44,Strategy,No,No,No,2.9,7.5
EMP-0076,FY20,Entry,Male,16-24,Legal,No,No,Yes,3.4,3.5
EMP-0077,FY20,Entry,Male,25-34,Legal,No,No,No,2.9,5.5
EMP-0078,FY20,Entry,Male,45-54,Technology,No,Yes,No,3.3,5.8
EMP-0079,FY20,Entry,Female,35-44,Finance,No,No,No,2.5,4.2
EMP-0080,FY20,Entry,Male,16-24,Legal,Yes,No,No,3.1,1.5
EMP-0081,FY20,Entry,Female,25-34,Finance,Yes,No,No,4.1,6.4
EMP-0082,FY20,Entry,Female,55-64,Technology,No,No,No,4.4,4.3
EMP-0083,FY20,Entry,Male,35-44,Technology,No,No,Yes,2.3,7.2
EMP-0084,FY20,Entry,Male,35-44,Legal,No,No,No,3.6,6.0
EMP-0085,FY20,Entry,Male,25-34,Sales,No,No,Yes,3.3,1.6
EMP-0086,FY20,Entry,Male,16-24,Sales,Yes,No,Yes,2.6,6.6
EMP-0087,FY20,Entry,Female,25-34,Strategy,No,No,No,3.4,5.8
EMP-0088,FY20,Entry,Male,16-24,Operations,Yes,No,No,2.8,8.0
EMP-0089,FY20,Entry,Female,45-54,Operations,No,No,Yes,2.9,5.3
EMP-0090,FY20,Entry,Male,35-44,Finance,No,No,No,3.0,0.8
EMP-0091,FY20,Entry,Female,25-34,Finance,No,No,Yes,3.5,4.5
EMP-0092,FY20,Entry,Female,65+,HR,Yes,No,No,3.5,2.3
EMP-0093,FY20,Entry,Male,25-34,Technology,Yes,No,No,3.9,0.7
EMP-0094,FY20,Entry,Female,25-34,Finance,No,No,No,2.0,0.7
EMP-0095,FY20,Entry,Male,25-34,HR,No,No,Yes,2.5,7.3
EMP-0096,FY20,Entry,Female,35-44,Legal,No,Yes,No,4.1,2.3
EMP-0097,FY20,Entry,Female,55-64,Finance,No,No,No,3.4,7.4
EMP-0098,FY20,Entry,Male,35-44,Technology,Yes,No,No,2.4,4.7
EMP-0099,FY20,Entry,Male,25-34,Legal,No,No,No,2.3,4.5
EMP-0100,FY20,Entry,Male,55-64,Legal,Yes,No,No,3.3,3.8
EMP-0101,FY20,Entry,Female,65+,Operations,No,No,Yes,2.9,4.1
EMP-0102,FY20,Entry,Female,35-44,Operations,No,No,No,2.6,7.0
EMP-0103,FY20,Entry,Female,65+,Technology,No,Yes,No,2.6,1.0
EMP-0104,FY20,Entry,Male,55-64,Operations,No,No,No,2.9,4.1
EMP-0105,FY20,Entry,Male,25-34,Sales,Yes,No,No,2.3,5.9
EMP-0106,FY20,Entry,Female,25-34,HR,Yes,No,No,3.1,5.1
EMP-0107,FY20,Entry,Female,55-64,Legal,No,No,No,2.0,2.8
EMP-0108,FY20,Entry,Female,35-44,Legal,No,No,No,2.4,3.0
EMP-0109,FY20,Entry,Male,16-24,Strategy,No,No,No,3.7,6.6
EMP-0110,FY20,Entry,Female,55-64,Technology,No,No,No,2.7,1.7
EMP-0111,FY20,Entry,Female,35-44,Operations,Yes,No,No,2.6,2.5
EMP-0112,FY20,Entry,Female,55-64,Operations,No,No,No,2.3,3.6
EMP-0113,FY20,Entry,Male,16-24,Technology,Yes,No,No,2.5,4.3
EMP-0114,FY20,Entry,Female,55-64,Finance,No,No,No,2.7,2.8
EMP-0115,FY20,Entry,Female,25-34,HR,No,No,No,3.2,5.9
EMP-0116,FY20,Entry,Male,16-24,Technology,No,No,No,3.2,4.6
EMP-0117,FY20,Entry,Male,55-64,Strategy,No,No,No,3.9,4.3
EMP-0118,FY20,Entry,Female,55-64,Finance,No,No,No,2.7,4.9
EMP-0119,FY20,Entry,Female,65+,Finance,Yes,No,No,1.9,6.4
EMP-0120,FY20,Entry,Female,45-54,Technology,No,No,No,1.6,6.1
EMP-0121,FY20,Entry,Male,25-34,Technology,No,No,No,3.0,1.7
EMP-0122,FY20,Entry,Female,25-34,Technology,No,No,No,3.8,1.9
EMP-0123,FY20,Entry,Female,65+,HR,No,No,No,3.1,5.5
EMP-0124,FY20,Entry,Male,16-24,HR,No,No,No,3.1,4.7
EMP-0125,FY20,Entry,Female,16-24,Strategy,No,No,No,2.5,3.0
EMP-0126,FY20,Entry,Female,35-44,HR,No,No,No,3.1,4.5
EMP-0127,FY20,Entry,Male,45-54,Strategy,Yes,No,No,3.5,3.3
EMP-0128,FY20,Entry,Male,45-54,Technology,No,No,No,3.8,7.5
EMP-0129,FY20,Entry,Male,16-24,Finance,No,No,No,4.3,7.8
EMP-0130,FY20,Entry,Male,16-24,Strategy,No,No,Yes,2.9,5.0
EMP-0131,FY20,Entry,Male,65+,Strategy,Yes,No,No,3.6,3.6
EMP-0132,FY20,Entry,Female,25-34,Legal,Yes,No,No,3.1,1.5
EMP-0133,FY20,Entry,Male,65+,Technology,No,No,Yes,3.0,4.8
EMP-0134,FY20,Entry,Male,65+,Technology,Yes,No,No,2.6,0.6
EMP-0135,FY20,Entry,Male,25-34,Operations,No,No,No,2.6,7.9
EMP-0136,FY20,Entry,Male,65+,Sales,No,No,No,1.8,2.0
EMP-0137,FY20,Entry,Male,16-24,Finance,Yes,No,No,3.7,7.9
EMP-0138,FY20,Entry,Male,16-24,Strategy,Yes,No,No,2.5,2.6
EMP-0139,FY20,Entry,Female,16-24,Legal,No,No,No,2.8,7.0
EMP-0140,FY20,Entry,Female,65+,Operations,No,No,Yes,2.6,5.0
EMP-0141,FY20,Entry,Male,35-44,HR,Yes,No,No,1.8,2.4
EMP-0142,FY20,Entry,Male,55-64,Technology,No,No,No,3.0,0.7
EMP-0143,FY20,Entry,Female,35-44,Sales,No,No,No,3.7,2.3
EMP-0144,FY20,Entry,Female,25-34,Legal,Yes,No,No,3.3,5.9
EMP-0145,FY20,Entry,Female,25-34,Legal,No,No,No,4.3,5.4
EMP-0146,FY20,Entry,Female,65+,HR,No,No,No,2.9,6.5
EMP-0147,FY20,Entry,Female,16-24,Strategy,No,Yes,Yes,2.2,7.5
EMP-0148,FY20,Entry,Female,25-34,Strategy,No,Yes,No,3.8,0.8
EMP-0149,FY20,Entry,Male,65+,Finance,Yes,No,No,3.4,5.1
EMP-0150,FY20,Entry,Male,25-34,Strategy,No,No,No,2.5,7.1
EMP-0151,FY20,Entry,Male,16-24,Strategy,Yes,No,No,3.4,6.4
EMP-0152,FY20,Entry,Female,65+,Finance,Yes,No,No,3.2,7.9
EMP-0153,FY20,Entry,Female,65+,Technology,No,Yes,No,3.4,3.9
EMP-0154,FY20,Entry,Female,25-34,Sales,No,No,No,3.1,1.9
EMP-0155,FY20,Entry,Female,25-34,Sales,No,No,No,2.3,6.9
EMP-0156,FY20,Entry,Male,16-24,Operations,No,No,No,3.4,3.6
EMP-0157,FY20,Entry,Female,65+,Technology,No,No,No,2.8,7.2
EMP-0158,FY20,Entry,Male,16-24,Strategy,No,No,No,1.6,1.9
EMP-0159,FY20,Entry,Female,65+,Strategy,No,No,No,4.1,3.2
EMP-0160,FY20,Entry,Male,55-64,Finance,No,No,No,3.4,5.9
EMP-0161,FY20,Entry,Female,35-44,HR,Yes,No,No,3.5,1.9
EMP-0162,FY20,Entry,Female,25-34,Operations,Yes,No,No,2.4,1.7
EMP-0163,FY20,Entry,Female,65+,Legal,Yes,No,No,4.2,7.6
EMP-0164,FY20,Entry,Female,65+,HR,Yes,No,No,3.1,4.6
EMP-0165,FY20,Entry,Male,55-64,Strategy,Yes,No,No,3.5,1.9
EMP-0166,FY20,Entry,Female,16-24,Finance,No,No,No,2.8,4.0
EMP-0167,FY20,Entry,Female,35-44,Finance,No,Yes,No,3.0,7.9
EMP-0168,FY20,Entry,Male,35-44,HR,No,No,No,3.4,7.7
EMP-0169,FY20,Entry,Male,55-64,Operations,No,No,No,3.9,3.1
EMP-0170,FY20,Entry,Female,45-54,Sales,No,Yes,Yes,3.1,4.5
EMP-0171,FY20,Entry,Male,45-54,HR,No,No,No,2.7,3.7
EMP-0172,FY20,Entry,Male,55-64,HR,No,No,No,2.1,5.9
EMP-0173,FY20,Entry,Female,16-24,Finance,Yes,No,No,4.2,3.7
EMP-0174,FY20,Entry,Female,65+,Sales,No,Yes,No,2.6,7.6
EMP-0175,FY20,Entry,Female,55-64,Technology,No,No,No,2.4,5.3
EMP-0176,FY20,Entry,Male,35-44,Legal,No,Yes,No,2.8,1.8
EMP-0177,FY20,Entry,Female,25-34,HR,No,No,No,2.9,3.0
EMP-0178,FY20,Entry,Female,65+,HR,Yes,Yes,No,3.5,6.0
EMP-0179,FY20,Entry,Female,35-44,Legal,Yes,No,No,4.0,7.6
EMP-0180,FY20,Entry,Female,35-44,Strategy,No,No,No,3.2,6.8
EMP-0181,FY20,Entry,Female,16-24,Finance,No,No,Yes,2.7,7.3
EMP-0182,FY20,Entry,Male,65+,Operations,No,No,No,3.6,6.6
EMP-0183,FY20,Entry,Female,25-34,HR,No,Yes,No,1.0,5.3
EMP-0184,FY20,Entry,Male,45-54,HR,Yes,No,No,3.3,5.7
EMP-0185,FY20,Entry,Female,55-64,Finance,No,No,No,2.5,6.8
EMP-0186,FY20,Entry,Female,55-64,Strategy,No,No,No,2.8,2.8
EMP-0187,FY20,Entry,Male,55-64,Operations,Yes,No,No,3.8,3.0
EMP-0188,FY20,Entry,Male,65+,Legal,No,Yes,No,2.9,3.3
EMP-0189,FY20,Entry,Female,16-24,Sales,No,No,No,2.1,1.8
EMP-0190,FY20,Entry,Female,55-64,Sales,No,No,No,2.6,7.1
EMP-0191,FY20,Entry,Male,35-44,Strategy,Yes,No,No,3.3,3.3
EMP-0192,FY20,Entry,Female,35-44,Technology,No,No,No,3.7,2.9
EMP-0193,FY20,Entry,Male,55-64,Sales,No,No,No,3.2,0.9
EMP-0194,FY20,Entry,Female,45-54,Strategy,No,No,No,3.9,3.2
EMP-0195,FY20,Entry,Male,65+,Finance,No,No,No,3.0,7.6
EMP-0196,FY20,Entry,Female,35-44,Finance,Yes,No,No,3.3,0.9
EMP-0197,FY20,Entry,Female,45-54,HR,No,Yes,No,2.0,4.8
EMP-0198,FY20,Entry,Female,25-34,Operations,No,Yes,No,3.1,2.3
EMP-0199,FY20,Entry,Male,65+,Sales,Yes,Yes,No,3.0,2.5
EMP-0200,FY20,Entry,Male,35-44,Legal,Yes,Yes,No,3.3,2.7
EMP-0201,FY20,Junior,Male,25-34,Sales,No,No,No,3.4,0.9
EMP-0202,FY20,Junior,Male,45-54,HR,No,No,No,2.9,4.8
EMP-0203,FY20,Junior,Female,65+,Technology,No,Yes,No,2.6,6.0
EMP-0204,FY20,Junior,Female,45-54,HR,No,No,No,3.4,1.2
EMP-0205,FY20,Junior,Male,16-24,Finance,No,No,No,3.2,5.9
EMP-0206,FY20,Junior,Female,16-24,Operations,No,No,No,2.5,2.5
EMP-0207,FY20,Junior,Male,55-64,Sales,No,No,No,3.8,4.5
EMP-0208,FY20,Junior,Female,25-34,Sales,No,Yes,No,3.4,4.3
EMP-0209,FY20,Junior,Female,45-54,Technology,No,No,No,2.6,5.4
EMP-0210,FY20,Junior,Male,16-24,Strategy,No,No,No,2.4,6.1
EMP-0211,FY20,Junior,Male,65+,Technology,No,No,No,3.5,2.9
EMP-0212,FY20,Junior,Male,16-24,Technology,No,Yes,No,3.3,3.7
EMP-0213,FY20,Junior,Male,25-34,Strategy,No,No,No,3.2,7.2
EMP-0214,FY20,Junior,Male,65+,HR,No,Yes,No,3.1,3.6
EMP-0215,FY20,Junior,Male,35-44,Sales,Yes,No,No,2.7,7.4
EMP-0216,FY20,Junior,Female,65+,Strategy,No,No,No,4.6,5.2
EMP-0217,FY20,Junior,Female,55-64,Sales,No,No,No,3.1,2.8
EMP-0218,FY20,Junior,Male,35-44,Legal,Yes,Yes,Yes,2.6,4.6
EMP-0219,FY20,Junior,Male,16-24,Sales,No,No,Yes,4.7,3.0
EMP-0220,FY20,Junior,Male,16-24,Finance,No,Yes,Yes,2.6,2.8
EMP-0221,FY20,Junior,Male,25-34,Legal,No,No,Yes,3.3,0.7
EMP-0222,FY20,Junior,Male,45-54,Sales,No,Yes,No,3.3,5.4
EMP-0223,FY20,Junior,Male,45-54,Operations,No,No,No,3.1,1.3
EMP-0224,FY20,Junior,Female,45-54,Strategy,No,No,No,2.6,5.6
EMP-0225,FY20,Junior,Male,65+,Operations,No,No,No,2.7,5.0
EMP-0226,FY20,Junior,Male,16-24,Finance,No,No,No,3.0,1.3
EMP-0227,FY20,Junior,Male,55-64,Sales,No,No,Yes,2.3,7.6
EMP-0228,FY20,Junior,Female,65+,HR,No,No,No,2.9,6.4
EMP-0229,FY20,Junior,Female,25-34,HR,No,Yes,No,3.0,4.2
EMP-0230,FY20,Junior,Female,25-34,HR,No,Yes,No,3.5,5.4
EMP-0231,FY20,Junior,Female,55-64,Finance,No,No,No,2.3,1.0
EMP-0232,FY20,Junior,Female,16-24,Finance,No,No,Yes,3.7,6.1
EMP-0233,FY20,Junior,Female,25-34,Strategy,No,No,No,3.2,7.3
EMP-0234,FY20,Junior,Female,45-54,Operations,No,No,No,4.9,6.1
EMP-0235,FY20,Junior,Female,16-24,HR,Yes,No,No,3.7,2.9
EMP-0236,FY20,Junior,Male,25-34,Strategy,Yes,No,No,3.4,7.7
EMP-0237,FY20,Junior,Male,35-44,Operations,Yes,No,No,2.8,6.4
EMP-0238,FY20,Junior,Female,45-54,Operations,Yes,No,No,3.0,6.0
EMP-0239,FY20,Junior,Female,35-44,Sales,Yes,No,No,3.9,6.2
EMP-0240,FY20,Junior,Male,25-34,Finance,No,No,No,1.9,5.8
EMP-0241,FY20,Junior,Female,16-24,Technology,No,No,No,3.3,1.1
EMP-0242,FY20,Junior,Male,35-44,Strategy,No,No,No,2.8,2.6
EMP-0243,FY20,Junior,Female,25-34,Operations,No,No,Yes,2.1,7.6
EMP-0244,FY20,Junior,Male,25-34,Strategy,No,No,No,3.3,3.4
EMP-0245,FY20,Junior,Female,16-24,Sales,Yes,Yes,No,4.0,0.7
EMP-0246,FY20,Junior,Male,55-64,Sales,No,No,No,3.9,7.3
EMP-0247,FY20,Junior,Male,25-34,Strategy,No,Yes,No,2.9,7.2
EMP-0248,FY20,Junior,Male,55-64,Legal,Yes,No,No,3.2,4.6
EMP-0249,FY20,Junior,Male,65+,Sales,No,No,No,3.1,2.7
EMP-0250,FY20,Junior,Female,45-54,HR,No,No,No,1.9,2.5
EMP-0251,FY20,Junior,Male,65+,Legal,No,No,No,2.2,7.8
EMP-0252,FY20,Junior,Female,55-64,HR,Yes,No,No,2.9,4.0
EMP-0253,FY20,Junior,Male,55-64,Technology,No,No,No,3.9,2.0
EMP-0254,FY20,Junior,Female,45-54,Strategy,No,No,No,2.6,6.6
EMP-0255,FY20,Junior,Male,16-24,HR,Yes,No,No,2.3,5.7
EMP-0256,FY20,Junior,Male,55-64,Legal,No,No,No,3.9,7.7
EMP-0257,FY20,Junior,Female,25-34,Finance,No,Yes,No,2.8,4.5
EMP-0258,FY20,Junior,Female,55-64,Strategy,Yes,No,No,3.5,7.7
EMP-0259,FY20,Junior,Male,65+,Finance,No,No,No,2.1,3.6
EMP-0260,FY20,Junior,Male,35-44,Sales,Yes,No,No,3.3,5.5
EMP-0261,FY20,Junior,Male,65+,Strategy,Yes,No,No,3.1,4.6
EMP-0262,FY20,Junior,Female,35-44,Strategy,Yes,No,No,2.6,3.1
EMP-0263,FY20,Junior,Male,65+,Finance,Yes,No,No,3.1,3.6
EMP-0264,FY20,Junior,Female,45-54,Finance,No,No,Yes,3.9,7.2
EMP-0265,FY20,Junior,Female,45-54,Operations,No,Yes,No,4.2,6.3
EMP-0266,FY20,Junior,Female,25-34,Sales,Yes,No,No,3.5,1.4
EMP-0267,FY20,Junior,Female,25-34,Legal,Yes,No,No,3.0,4.6
EMP-0268,FY20,Junior,Male,25-34,Operations,No,No,No,1.7,4.2
EMP-0269,FY20,Junior,Female,16-24,Strategy,No,No,No,2.1,7.3
EMP-0270,FY20,Junior,Female,25-34,Legal,No,Yes,No,2.4,0.8
EMP-0271,FY20,Junior,Male,45-54,Legal,Yes,Yes,No,2.4,7.4
EMP-0272,FY20,Junior,Female,16-24,Strategy,Yes,No,No,2.2,4.7
EMP-0273,FY20,Junior,Male,35-44,Operations,No,No,No,4.3,7.0
EMP-0274,FY20,Junior,Male,65+,Strategy,Yes,No,Yes,3.6,1.9
EMP-0275,FY20,Junior,Male,35-44,HR,No,No,No,3.4,5.8
EMP-0276,FY20,Junior,Female,16-24,Operations,Yes,No,Yes,3.8,1.6
EMP-0277,FY20,Junior,Male,25-34,Sales,No,No,No,4.2,4.4
EMP-0278,FY20,Junior,Female,35-44,HR,No,No,No,2.9,2.4
EMP-0279,FY20,Junior,Male,25-34,Strategy,No,No,Yes,3.4,1.5
EMP-0280,FY20,Junior,Female,35-44,Legal,No,No,No,3.4,7.1
EMP-0281,FY20,Junior,Male,55-64,Sales,No,No,No,2.2,1.0
EMP-0282,FY20,Junior,Female,65+,Technology,No,No,No,2.9,7.2
EMP-0283,FY20,Junior,Male,65+,HR,No,Yes,Yes,3.5,3.4
EMP-0284,FY20,Junior,Female,35-44,Strategy,No,No,No,3.8,3.3
EMP-0285,FY20,Junior,Female,25-34,HR,No,No,No,2.3,4.7
EMP-0286,FY20,Junior,Female,35-44,HR,No,No,No,3.3,1.2
EMP-0287,FY20,Junior,Male,25-34,Strategy,No,No,No,2.0,3.0
EMP-0288,FY20,Junior,Female,35-44,HR,Yes,No,No,2.5,4.5
EMP-0289,FY20,Junior,Male,55-64,Technology,No,No,No,3.4,1.9
EMP-0290,FY20,Junior,Female,16-24,Strategy,No,No,No,2.9,5.1
EMP-0291,FY20,Junior,Female,45-54,Technology,No,Yes,No,4.0,2.2
EMP-0292,FY20,Junior,Male,16-24,HR,No,No,Yes,2.7,4.3
EMP-0293,FY20,Junior,Male,16-24,Strategy,Yes,No,No,2.4,0.7
EMP-0294,FY20,Junior,Female,25-34,Finance,No,No,No,3.3,3.5
EMP-0295,FY20,Junior,Female,35-44,Legal,No,No,No,2.5,6.8
EMP-0296,FY20,Junior,Male,16-24,Legal,No,No,No,2.7,1.8
EMP-0297,FY20,Junior,Female,55-64,Sales,No,Yes,No,3.2,2.8
EMP-0298,FY20,Junior,Male,65+,HR,No,No,No,3.4,3.7
EMP-0299,FY20,Junior,Male,55-64,Sales,Yes,No,No,2.7,1.0
EMP-0300,FY20,Junior,Female,55-64,HR,No,No,No,3.4,0.9
EMP-0301,FY20,Junior,Female,16-24,Operations,No,No,No,3.4,5.1
EMP-0302,FY20,Junior,Male,16-24,Strategy,No,No,No,3.2,4.6
EMP-0303,FY20,Junior,Male,35-44,Sales,Yes,No,No,3.4,4.1
EMP-0304,FY20,Junior,Female,65+,HR,No,No,No,2.0,3.0
EMP-0305,FY20,Junior,Male,16-24,Finance,No,No,Yes,3.3,3.2
EMP-0306,FY20,Junior,Female,35-44,Legal,No,No,No,3.4,5.9
EMP-0307,FY20,Junior,Female,35-44,Technology,Yes,Yes,No,2.8,2.9
EMP-0308,FY20,Junior,Female,35-44,Operations,No,No,No,2.8,3.7
EMP-0309,FY20,Junior,Male,35-44,Strategy,Yes,Yes,No,2.1,1.8
EMP-0310,FY20,Junior,Male,45-54,Finance,No,No,No,2.7,3.8
EMP-0311,FY20,Junior,Female,45-54,Finance,Yes,No,No,4.1,0.8
EMP-0312,FY20,Junior,Male,65+,Finance,Yes,No,No,2.8,5.2
EMP-0313,FY20,Junior,Female,45-54,HR,No,No,No,2.4,1.2
EMP-0314,FY20,Junior,Male,65+,Legal,No,No,No,2.7,5.3
EMP-0315,FY20,Junior,Female,55-64,Strategy,No,No,No,3.9,5.2
EMP-0316,FY20,Junior,Male,35-44,Sales,Yes,No,No,4.0,1.3
EMP-0317,FY20,Junior,Male,55-64,Finance,Yes,No,No,3.1,4.3
EMP-0318,FY20,Junior,Male,65+,HR,Yes,No,No,3.5,1.3
EMP-0319,FY20,Junior,Female,35-44,Technology,No,No,No,3.8,2.2
EMP-0320,FY20,Junior,Male,35-44,Strategy,Yes,Yes,Yes,3.1,1.1
EMP-0321,FY20,Junior,Male,16-24,Operations,No,No,No,3.9,5.6
EMP-0322,FY20,Junior,Female,45-54,Legal,No,No,Yes,3.5,6.5
EMP-0323,FY20,Junior,Female,25-34,Legal,No,Yes,No,2.9,5.0
EMP-0324,FY20,Junior,Male,65+,Sales,No,No,No,2.9,7.1
EMP-0325,FY20,Junior,Male,35-44,Operations,No,No,No,3.3,5.6
EMP-0326,FY20,Junior,Female,45-54,Legal,Yes,No,No,3.4,5.7
EMP-0327,FY20,Junior,Male,35-44,Strategy,No,No,No,2.6,5.6
EMP-0328,FY20,Junior,Female,45-54,HR,No,Yes,No,2.7,5.8
EMP-0329,FY20,Junior,Female,25-34,Strategy,No,No,No,2.2,4.6
EMP-0330,FY20,Junior,Male,45-54,Sales,No,No,No,3.6,7.8
EMP-0331,FY20,Junior,Male,55-64,Sales,No,No,No,3.1,4.0
EMP-0332,FY20,Junior,Male,55-64,Operations,No,No,No,3.0,2.0
EMP-0333,FY20,Junior,Male,65+,Strategy,No,No,No,3.5,7.0
EMP-0334,FY20,Junior,Female,16-24,Sales,Yes,No,Yes,3.2,7.0
EMP-0335,FY20,Junior,Male,25-34,Strategy,No,No,No,3.5,2.2
EMP-0336,FY20,Junior,Female,55-64,Finance,Yes,No,No,3.3,3.6
EMP-0337,FY20,Junior,Female,45-54,Operations,No,No,No,2.2,6.5
EMP-0338,FY20,Junior,Female,55-64,Strategy,No,No,No,3.2,1.1
EMP-0339,FY20,Junior,Male,16-24,HR,No,No,No,3.3,7.7
EMP-0340,FY20,Junior,Female,45-54,Technology,No,Yes,No,3.7,7.0
EMP-0341,FY20,Junior,Male,55-64,Legal,Yes,No,No,1.8,3.4
EMP-0342,FY20,Junior,Male,16-24,Sales,Yes,No,No,3.7,7.4
EMP-0343,FY20,Junior,Male,65+,Finance,Yes,No,No,2.2,6.1
EMP-0344,FY20,Junior,Male,65+,Sales,No,No,No,3.4,5.7
EMP-0345,FY20,Junior,Male,35-44,Strategy,No,No,No,3.0,7.8
EMP-0346,FY20,Junior,Male,16-24,HR,No,Yes,Yes,3.6,0.7
EMP-0347,FY20,Junior,Female,35-44,Operations,No,No,No,2.8,6.5
EMP-0348,FY20,Junior,Male,35-44,Finance,No,No,Yes,3.2,3.4
EMP-0349,FY20,Junior,Male,65+,Legal,No,No,Yes,3.6,1.0
EMP-0350,FY20,Junior,Male,65+,Operations,No,No,No,2.5,4.7
EMP-0351,FY20,Junior,Female,45-54,Finance,No,No,No,3.1,4.4
EMP-0352,FY20,Junior,Male,55-64,HR,Yes,No,No,3.5,7.1
EMP-0353,FY20,Junior,Male,65+,Operations,Yes,No,No,2.5,4.5
EMP-0354,FY20,Junior,Male,16-24,Operations,Yes,No,No,3.3,7.6
EMP-0355,FY20,Junior,Male,16-24,Legal,Yes,Yes,Yes,3.3,5.4
EMP-0356,FY20,Junior,Female,25-34,Legal,No,No,No,3.8,2.7
EMP-0357,FY20,Junior,Male,45-54,Operations,No,No,No,2.7,4.0
EMP-0358,FY20,Junior,Female,65+,Finance,No,No,No,2.2,7.6
EMP-0359,FY20,Junior,Male,25-34,Sales,No,No,No,3.1,7.5
EMP-0360,FY20,Junior,Female,35-44,Sales,No,No,No,1.5,7.5
EMP-0361,FY20,Junior,Male,65+,Legal,Yes,Yes,No,3.4,7.1
EMP-0362,FY20,Junior,Female,16-24,Legal,No,No,No,2.7,3.3
EMP-0363,FY20,Junior,Male,45-54,Sales,No,No,No,2.1,4.0
EMP-0364,FY20,Junior,Male,16-24,Technology,No,No,Yes,3.3,6.3
EMP-0365,FY20,Junior,Female,25-34,HR,No,No,No,3.3,4.0
EMP-0366,FY20,Junior,Female,45-54,Legal,No,No,No,3.4,2.3
EMP-0367,FY20,Junior,Female,55-64,Technology,No,No,No,2.1,3.6
EMP-0368,FY20,Junior,Female,65+,Technology,No,No,No,3.4,3.2
EMP-0369,FY20,Junior,Male,55-64,Sales,Yes,No,No,3.3,5.2
EMP-0370,FY20,Junior,Male,25-34,Finance,No,No,Yes,2.6,2.0
EMP-0371,FY20,Junior,Female,45-54,Technology,No,No,No,2.4,3.4
EMP-0372,FY20,Junior,Male,16-24,Sales,No,No,No,2.9,2.2
EMP-0373,FY20,Junior,Female,16-24,Finance,No,No,No,2.5,6.4
EMP-0374,FY20,Junior,Male,65+,HR,No,Yes,No,3.7,5.7
EMP-0375,FY20,Junior,Female,65+,Finance,No,Yes,No,2.4,5.3
EMP-0376,FY20,Junior,Female,65+,Finance,Yes,No,Yes,3.1,4.9
EMP-0377,FY20,Junior,Male,16-24,Technology,No,Yes,No,3.2,7.8
EMP-0378,FY20,Junior,Female,65+,Legal,Yes,No,No,2.3,3.4
EMP-0379,FY20,Junior,Male,45-54,Operations,No,No,No,3.3,7.7
EMP-0380,FY20,Junior,Male,55-64,Strategy,No,No,No,3.2,7.5
EMP-0381,FY20,Senior,Female,65+,Sales,No,Yes,No,2.2,6.8
EMP-0382,FY20,Senior,Female,16-24,Sales,Yes,No,No,2.2,4.0
EMP-0383,FY20,Senior,Female,55-64,Finance,No,No,No,3.4,3.5
EMP-0384,FY20,Senior,Male,65+,Strategy,Yes,No,No,3.4,5.1
EMP-0385,FY20,Senior,Female,16-24,Technology,Yes,No,No,3.1,6.3
EMP-0386,FY20,Senior,Male,65+,Sales,No,Yes,No,2.4,3.1
EMP-0387,FY20,Senior,Male,25-34,Operations,No,Yes,No,2.5,4.5
EMP-0388,FY20,Senior,Male,55-64,Operations,Yes,No,No,2.6,6.8
EMP-0389,FY20,Senior,Male,55-64,Legal,No,No,No,3.1,5.7
EMP-0390,FY20,Senior,Female,35-44,Legal,Yes,No,No,2.9,4.2
EMP-0391,FY20,Senior,Male,16-24,Sales,Yes,No,No,3.6,0.7
EMP-0392,FY20,Senior,Female,16-24,Operations,No,No,No,3.7,4.3
EMP-0393,FY20,Senior,Female,25-34,Legal,No,Yes,No,2.4,2.6
EMP-0394,FY20,Senior,Male,35-44,HR,Yes,No,No,2.4,3.3
EMP-0395,FY20,Senior,Male,55-64,Legal,Yes,No,No,3.5,5.4
EMP-0396,FY20,Senior,Male,25-34,Operations,No,No,Yes,2.1,1.6
EMP-0397,FY20,Senior,Male,25-34,HR,Yes,No,No,2.9,6.3
EMP-0398,FY20,Senior,Male,55-64,Legal,No,No,No,3.1,3.2
EMP-0399,FY20,Senior,Male,45-54,Operations,No,Yes,No,3.0,6.4
EMP-0400,FY20,Senior,Male,65+,Strategy,Yes,No,No,3.7,1.1
EMP-0401,FY20,Senior,Male,55-64,Operations,No,No,No,3.3,6.9
EMP-0402,FY20,Senior,Male,16-24,Technology,No,No,Yes,2.9,1.6
EMP-0403,FY20,Senior,Male,45-54,Strategy,Yes,No,No,3.1,7.1
EMP-0404,FY20,Senior,Female,16-24,Operations,No,No,No,4.0,0.9
EMP-0405,FY20,Senior,Male,55-64,Sales,No,No,No,2.7,5.0
EMP-0406,FY20,Senior,Male,16-24,Legal,No,No,No,2.3,3.7
EMP-0407,FY20,Senior,Male,55-64,Operations,No,No,No,3.2,1.8
EMP-0408,FY20,Senior,Male,16-24,Legal,No,No,No,4.0,3.6
EMP-0409,FY20,Senior,Male,55-64,Operations,No,No,Yes,2.8,5.6
EMP-0410,FY20,Senior,Male,16-24,Strategy,No,No,No,1.4,6.5
EMP-0411,FY20,Senior,Male,16-24,Strategy,Yes,No,No,2.7,6.9
EMP-0412,FY20,Senior,Male,35-44,Operations,No,No,No,2.3,3.7
EMP-0413,FY20,Senior,Male,55-64,Sales,Yes,No,No,2.7,1.9
EMP-0414,FY20,Senior,Male,35-44,Operations,No,No,No,2.6,0.9
EMP-0415,FY20,Senior,Male,65+,Operations,Yes,No,No,3.9,2.7
EMP-0416,FY20,Senior,Female,45-54,Sales,No,No,No,3.0,5.9
EMP-0417,FY20,Senior,Male,16-24,Legal,No,No,No,2.6,4.0
EMP-0418,FY20,Senior,Female,65+,Sales,Yes,No,No,1.7,4.0
EMP-0419,FY20,Senior,Male,35-44,Operations,No,No,No,3.0,6.6
EMP-0420,FY20,Senior,Male,35-44,Finance,No,No,No,2.3,3.6
EMP-0421,FY20,Senior,Female,45-54,Strategy,No,No,No,2.4,1.9
EMP-0422,FY20,Senior,Female,25-34,HR,No,No,No,1.7,0.8
EMP-0423,FY20,Senior,Female,25-34,HR,Yes,No,No,2.8,7.0
EMP-0424,FY20,Senior,Male,65+,HR,Yes,No,No,3.0,7.5
EMP-0425,FY20,Senior,Male,45-54,Operations,Yes,Yes,No,3.9,3.0
EMP-0426,FY20,Senior,Male,55-64,Operations,Yes,No,Yes,2.2,6.5
EMP-0427,FY20,Senior,Male,25-34,Operations,Yes,No,No,4.2,0.9
EMP-0428,FY20,Senior,Male,55-64,Technology,No,No,No,3.0,3.5
EMP-0429,FY20,Senior,Male,25-34,HR,No,No,No,2.5,3.0
EMP-0430,FY20,Senior,Male,25-34,Legal,No,No,No,2.5,1.4
EMP-0431,FY20,Senior,Male,55-64,Technology,No,No,Yes,3.4,6.7
EMP-0432,FY20,Senior,Female,25-34,Sales,No,Yes,No,3.5,7.5
EMP-0433,FY20,Senior,Male,65+,Legal,No,No,No,2.9,2.7
EMP-0434,FY20,Senior,Male,55-64,Legal,Yes,No,No,3.4,7.2
EMP-0435,FY20,Senior,Female,35-44,Operations,No,No,No,2.7,5.5
EMP-0436,FY20,Senior,Female,25-34,Legal,No,No,No,3.5,6.2
EMP-0437,FY20,Senior,Male,16-24,Operations,No,No,No,3.1,1.7
EMP-0438,FY20,Senior,Female,65+,Sales,No,No,No,3.5,7.7
EMP-0439,FY20,Senior,Male,16-24,HR,No,No,No,4.0,6.2
EMP-0440,FY20,Senior,Female,65+,Finance,Yes,No,No,2.8,6.4
EMP-0441,FY20,Senior,Female,45-54,Technology,Yes,No,Yes,2.6,2.4
EMP-0442,FY20,Senior,Male,45-54,Technology,Yes,No,No,3.8,4.6
EMP-0443,FY20,Senior,Female,65+,Legal,No,No,No,2.0,4.1
EMP-0444,FY20,Senior,Female,45-54,HR,No,No,No,3.7,3.7
EMP-0445,FY20,Senior,Female,65+,Technology,No,No,No,2.5,7.8
EMP-0446,FY20,Senior,Male,55-64,Legal,No,Yes,No,2.7,7.5
EMP-0447,FY20,Senior,Male,55-64,Operations,Yes,No,No,2.9,1.0
EMP-0448,FY20,Senior,Female,65+,Technology,Yes,No,No,3.0,3.5
EMP-0449,FY20,Senior,Female,25-34,Legal,Yes,No,No,2.7,1.5
EMP-0450,FY20,Senior,Male,25-34,Finance,No,Yes,No,3.5,7.0
EMP-0451,FY20,Senior,Female,55-64,Finance,Yes,No,No,2.8,7.9
EMP-0452,FY20,Senior,Male,25-34,Strategy,No,No,Yes,2.6,3.6
EMP-0453,FY20,Senior,Male,55-64,Strategy,No,No,No,3.0,3.5
EMP-0454,FY20,Senior,Male,25-34,Sales,No,Yes,Yes,2.9,8.0
EMP-0455,FY20,Senior,Male,25-34,Operations,No,No,No,3.2,5.4
EMP-0456,FY20,Senior,Male,45-54,Sales,Yes,No,No,2.1,5.5
EMP-0457,FY20,Senior,Male,55-64,Strategy,Yes,No,No,2.3,5.0
EMP-0458,FY20,Senior,Female,65+,HR,No,Yes,No,3.2,5.6
EMP-0459,FY20,Senior,Male,25-34,Technology,Yes,No,No,3.4,3.3
EMP-0460,FY20,Senior,Female,35-44,Operations,No,Yes,No,3.0,3.3
EMP-0461,FY20,Senior,Male,25-34,Finance,Yes,No,Yes,3.6,0.7
EMP-0462,FY20,Senior,Male,65+,Strategy,Yes,No,No,2.8,4.3
EMP-0463,FY20,Senior,Male,65+,Legal,No,No,No,2.8,1.2
EMP-0464,FY20,Senior,Male,55-64,Legal,Yes,No,No,3.2,5.6
EMP-0465,FY20,Senior,Male,45-54,Legal,No,No,No,3.9,7.8
EMP-0466,FY20,Senior,Male,55-64,Technology,Yes,Yes,Yes,2.5,7.3
EMP-0467,FY20,Senior,Female,65+,Technology,Yes,No,No,2.3,2.0
EMP-0468,FY20,Senior,Female,45-54,Legal,No,Yes,No,1.1,5.2
EMP-0469,FY20,Senior,Male,25-34,Strategy,Yes,Yes,No,3.2,5.1
EMP-0470,FY20,Senior,Female,25-34,Legal,No,No,No,2.9,7.0
EMP-0471,FY20,Senior,Male,25-34,Sales,No,Yes,No,2.8,1.9
EMP-0472,FY20,Senior,Female,45-54,Operations,No,No,No,3.5,2.4
EMP-0473,FY20,Senior,Male,16-24,HR,Yes,No,No,2.9,3.8
EMP-0474,FY20,Senior,Female,45-54,Operations,No,No,No,2.5,1.4
EMP-0475,FY20,Senior,Male,55-64,HR,No,No,Yes,3.5,3.1
EMP-0476,FY20,Senior,Male,16-24,Technology,Yes,No,No,2.6,0.7
EMP-0477,FY20,Senior,Male,35-44,Technology,Yes,No,No,2.6,6.1
EMP-0478,FY20,Senior,Male,55-64,Legal,Yes,No,No,4.0,6.9
EMP-0479,FY20,Senior,Male,55-64,Technology,No,No,No,3.6,7.7
EMP-0480,FY20,Senior,Female,25-34,Sales,Yes,No,No,2.3,3.6
EMP-0481,FY20,Senior,Male,45-54,Sales,No,No,No,3.0,6.5
EMP-0482,FY20,Senior,Male,65+,Strategy,No,No,No,3.4,6.5
EMP-0483,FY20,Senior,Female,16-24,Technology,Yes,No,No,2.8,4.7
EMP-0484,FY20,Senior,Female,55-64,Legal,No,No,No,3.1,2.6
EMP-0485,FY20,Senior,Female,16-24,Legal,No,No,No,3.0,2.8
EMP-0486,FY20,Senior,Female,35-44,Technology,No,No,No,3.3,7.2
EMP-0487,FY20,Senior,Female,16-24,Operations,Yes,No,No,2.5,4.5
EMP-0488,FY20,Senior,Male,16-24,Strategy,No,No,No,2.3,6.6
EMP-0489,FY20,Senior,Female,35-44,Technology,No,Yes,No,3.1,1.9
EMP-0490,FY20,Senior,Female,45-54,Sales,No,No,No,3.2,5.4
EMP-0491,FY20,Senior,Female,25-34,Legal,No,No,Yes,2.7,1.4
EMP-0492,FY20,Senior,Male,65+,Legal,Yes,No,Yes,3.1,2.9
EMP-0493,FY20,Senior,Female,25-34,Technology,No,No,No,2.8,2.1
EMP-0494,FY20,Senior,Female,65+,HR,Yes,No,No,3.4,6.7
EMP-0495,FY20,Senior,Male,65+,Sales,Yes,No,No,3.8,1.3
EMP-0496,FY20,Senior,Male,25-34,Legal,No,No,No,3.1,3.4
EMP-0497,FY20,Senior,Female,16-24,Strategy,Yes,No,No,2.9,7.2
EMP-0498,FY20,Senior,Male,25-34,Legal,No,Yes,No,4.1,3.5
EMP-0499,FY20,Senior,Female,45-54,Technology,No,No,No,2.8,3.1
EMP-0500,FY20,Senior,Female,45-54,Sales,Yes,Yes,No,3.1,0.7
EMP-0501,FY20,Senior,Female,45-54,Strategy,No,No,No,2.2,4.5
EMP-0502,FY20,Senior,Male,25-34,Technology,Yes,No,No,3.0,5.1
EMP-0503,FY20,Senior,Female,45-54,Finance,Yes,Yes,No,2.8,3.0
EMP-0504,FY20,Senior,Female,65+,Sales,Yes,Yes,No,3.5,7.9
EMP-0505,FY20,Senior,Female,45-54,Legal,No,Yes,Yes,3.7,7.2
EMP-0506,FY20,Senior,Male,16-24,Technology,No,No,Yes,2.6,7.8
EMP-0507,FY20,Senior,Male,55-64,Sales,Yes,No,No,2.6,3.3
EMP-0508,FY20,Senior,Male,25-34,Sales,No,No,No,2.8,1.9
EMP-0509,FY20,Senior,Female,65+,Finance,No,No,No,2.6,5.4
EMP-0510,FY20,Senior,Male,45-54,Sales,Yes,No,No,3.7,3.4
EMP-0511,FY20,Senior,Female,55-64,Technology,Yes,Yes,No,2.7,7.9
EMP-0512,FY20,Senior,Male,65+,HR,No,No,No,3.3,2.5
EMP-0513,FY20,Senior,Male,25-34,Operations,No,No,No,2.7,3.0
EMP-0514,FY20,Senior,Female,16-24,Technology,Yes,No,No,3.3,2.2
EMP-0515,FY20,Senior,Female,55-64,Sales,Yes,No,No,4.3,1.1
EMP-0516,FY20,Senior,Female,55-64,Strategy,Yes,No,No,2.6,1.8
EMP-0517,FY20,Senior,Male,35-44,Strategy,No,No,No,2.7,5.3
EMP-0518,FY20,Senior,Male,25-34,Sales,No,No,No,3.8,3.3
EMP-0519,FY20,Senior,Male,16-24,Finance,No,No,No,4.6,5.1
EMP-0520,FY20,Senior,Female,35-44,Finance,Yes,No,No,2.6,3.1
EMP-0521,FY20,Senior,Female,55-64,Finance,No,No,No,3.2,3.8
EMP-0522,FY20,Senior,Male,25-34,Technology,Yes,No,No,3.6,2.9
EMP-0523,FY20,Senior,Male,65+,Technology,No,Yes,No,4.6,1.0
EMP-0524,FY20,Senior,Male,55-64,Sales,Yes,No,No,3.1,6.4
EMP-0525,FY20,Senior,Female,25-34,Finance,No,No,No,4.3,5.2
EMP-0526,FY20,Senior,Male,45-54,Finance,No,No,No,2.7,0.6
EMP-0527,FY20,Senior,Male,65+,Legal,Yes,No,No,3.4,6.9
EMP-0528,FY20,Senior,Female,45-54,Finance,No,No,No,2.7,0.5
EMP-0529,FY20,Senior,Male,45-54,Operations,No,No,Yes,2.6,1.2
EMP-0530,FY20,Senior,Male,65+,Finance,Yes,No,No,3.1,1.1
EMP-0531,FY20,Manager,Female,65+,Operations,No,No,No,3.7,5.5
EMP-0532,FY20,Manager,Female,65+,Sales,No,No,No,3.3,6.8
EMP-0533,FY20,Manager,Female,35-44,Legal,No,No,No,3.1,4.6
EMP-0534,FY20,Manager,Female,55-64,Legal,No,No,No,3.9,7.0
EMP-0535,FY20,Manager,Female,45-54,Technology,No,No,No,2.7,5.9
EMP-0536,FY20,Manager,Male,55-64,Strategy,No,No,No,2.8,4.5
EMP-0537,FY20,Manager,Male,35-44,Legal,No,No,Yes,2.9,2.2
EMP-0538,FY20,Manager,Male,55-64,HR,No,No,No,2.5,1.1
EMP-0539,FY20,Manager,Male,35-44,HR,No,No,No,3.3,1.2
EMP-0540,FY20,Manager,Male,45-54,Finance,No,No,Yes,2.9,0.7
EMP-0541,FY20,Manager,Male,25-34,HR,No,Yes,No,3.9,5.6
EMP-0542,FY20,Manager,Female,25-34,Finance,Yes,No,No,3.7,6.5
EMP-0543,FY20,Manager,Male,35-44,Technology,No,No,No,2.9,3.6
EMP-0544,FY20,Manager,Male,16-24,Sales,No,No,No,2.6,0.8
EMP-0545,FY20,Manager,Female,25-34,HR,Yes,No,No,2.9,7.1
EMP-0546,FY20,Manager,Male,65+,Finance,No,No,No,1.3,6.8
EMP-0547,FY20,Manager,Female,25-34,Strategy,No,No,No,3.4,6.2
EMP-0548,FY20,Manager,Male,16-24,HR,Yes,No,No,3.3,2.5
EMP-0549,FY20,Manager,Female,55-64,Finance,Yes,No,No,2.9,4.4
EMP-0550,FY20,Manager,Male,16-24,HR,Yes,Yes,No,4.1,2.3
EMP-0551,FY20,Manager,Male,16-24,Operations,No,No,No,2.4,5.7
EMP-0552,FY20,Manager,Female,35-44,Legal,No,No,No,2.0,7.3
EMP-0553,FY20,Manager,Male,55-64,Strategy,No,No,No,4.3,5.4
EMP-0554,FY20,Manager,Male,65+,Operations,Yes,No,No,3.4,7.9
EMP-0555,FY20,Manager,Male,65+,HR,No,No,No,2.5,6.7
EMP-0556,FY20,Manager,Male,65+,Legal,No,No,No,3.2,3.2
EMP-0557,FY20,Manager,Male,25-34,Operations,No,No,No,4.1,1.8
EMP-0558,FY20,Manager,Female,55-64,Sales,No,No,No,3.4,4.6
EMP-0559,FY20,Manager,Male,65+,Strategy,No,No,No,3.0,7.0
EMP-0560,FY20,Manager,Male,55-64,Operations,No,Yes,No,2.5,3.0
EMP-0561,FY20,Manager,Female,25-34,Strategy,No,No,No,2.1,7.9
EMP-0562,FY20,Manager,Male,65+,Finance,No,No,No,3.0,6.0
EMP-0563,FY20,Manager,Female,55-64,Sales,No,No,No,3.1,3.5
EMP-0564,FY20,Manager,Female,45-54,Finance,Yes,Yes,No,2.6,5.0
EMP-0565,FY20,Manager,Male,35-44,HR,No,No,No,3.4,4.0
EMP-0566,FY20,Manager,Male,16-24,Legal,No,No,No,3.7,3.1
EMP-0567,FY20,Manager,Male,35-44,HR,No,No,No,2.8,1.0
EMP-0568,FY20,Manager,Male,35-44,Legal,No,No,No,3.4,7.0
EMP-0569,FY20,Manager,Male,25-34,HR,No,No,No,3.3,5.6
EMP-0570,FY20,Manager,Male,55-64,Legal,No,No,No,3.0,6.7
EMP-0571,FY20,Manager,Male,55-64,Finance,No,No,No,3.2,1.2
EMP-0572,FY20,Manager,Female,45-54,HR,No,No,No,3.4,5.5
EMP-0573,FY20,Manager,Male,65+,Technology,No,No,No,3.4,1.2
EMP-0574,FY20,Manager,Male,55-64,Finance,No,No,No,2.7,1.1
EMP-0575,FY20,Manager,Male,16-24,Strategy,Yes,No,No,2.7,0.7
EMP-0576,FY20,Manager,Female,65+,Finance,No,No,No,3.1,5.7
EMP-0577,FY20,Manager,Female,35-44,Sales,Yes,No,No,2.7,2.4
EMP-0578,FY20,Manager,Female,55-64,Technology,Yes,No,No,3.8,2.7
EMP-0579,FY20,Manager,Male,35-44,HR,No,No,No,3.8,2.2
EMP-0580,FY20,Manager,Female,16-24,HR,Yes,No,No,4.0,2.5
EMP-0581,FY20,Manager,Male,35-44,Technology,No,No,No,4.0,2.6
EMP-0582,FY20,Manager,Female,55-64,Finance,No,No,No,3.2,6.8
EMP-0583,FY20,Manager,Male,45-54,Sales,No,No,No,2.8,6.5
EMP-0584,FY20,Manager,Male,25-34,Finance,Yes,No,Yes,3.7,8.0
EMP-0585,FY20,Manager,Male,35-44,Legal,No,No,No,2.5,6.9
EMP-0586,FY20,Manager,Male,65+,Sales,No,Yes,No,2.7,5.5
EMP-0587,FY20,Manager,Male,45-54,Technology,No,Yes,No,3.3,2.8
EMP-0588,FY20,Manager,Female,65+,Sales,No,No,No,3.2,0.7
EMP-0589,FY20,Manager,Male,35-44,Operations,No,No,No,3.8,2.7
EMP-0590,FY20,Manager,Female,55-64,HR,No,No,No,2.4,6.2
EMP-0591,FY20,Manager,Male,65+,Technology,Yes,No,No,3.3,1.3
EMP-0592,FY20,Manager,Male,16-24,Finance,Yes,No,No,4.1,3.2
EMP-0593,FY20,Manager,Male,25-34,Finance,No,No,No,2.3,1.9
EMP-0594,FY20,Manager,Male,35-44,Technology,Yes,No,No,3.5,2.8
EMP-0595,FY20,Manager,Male,65+,Sales,Yes,No,No,2.5,3.0
EMP-0596,FY20,Manager,Male,25-34,Finance,No,No,No,3.2,5.7
EMP-0597,FY20,Manager,Male,16-24,HR,No,No,No,3.2,2.4
EMP-0598,FY20,Manager,Male,25-34,Technology,No,Yes,No,2.8,5.4
EMP-0599,FY20,Manager,Male,65+,Sales,No,No,No,2.9,3.7
EMP-0600,FY20,Manager,Female,16-24,Sales,No,Yes,No,2.2,5.6
EMP-0601,FY20,Manager,Male,16-24,Strategy,No,No,No,3.2,7.3
EMP-0602,FY20,Manager,Male,45-54,Sales,No,No,No,3.4,5.3
EMP-0603,FY20,Manager,Male,65+,Technology,Yes,No,Yes,3.4,0.8
EMP-0604,FY20,Manager,Male,25-34,HR,No,No,No,3.0,1.7
EMP-0605,FY20,Manager,Male,35-44,Technology,Yes,No,No,3.5,7.4
EMP-0606,FY20,Manager,Male,45-54,HR,Yes,No,No,2.8,5.7
EMP-0607,FY20,Manager,Female,35-44,Sales,No,No,No,3.1,3.0
EMP-0608,FY20,Manager,Male,16-24,Technology,No,No,No,3.1,1.1
EMP-0609,FY20,Manager,Female,25-34,Strategy,No,No,No,3.3,1.9
EMP-0610,FY20,Manager,Female,25-34,Legal,No,No,No,1.9,3.4
EMP-0611,FY20,Senior Manager,Male,35-44,Legal,Yes,No,No,3.1,5.5
EMP-0612,FY20,Senior Manager,Male,16-24,Technology,No,No,No,3.3,2.6
EMP-0613,FY20,Senior Manager,Female,65+,HR,Yes,Yes,No,3.4,5.8
EMP-0614,FY20,Senior Manager,Male,16-24,HR,Yes,No,No,3.4,5.5
EMP-0615,FY20,Senior Manager,Male,45-54,Technology,No,No,Yes,2.9,5.7
EMP-0616,FY20,Senior Manager,Male,35-44,Legal,No,No,No,2.7,6.2
EMP-0617,FY20,Senior Manager,Male,65+,Finance,No,No,No,3.0,4.8
EMP-0618,FY20,Senior Manager,Female,16-24,HR,No,No,No,3.2,6.3
EMP-0619,FY20,Senior Manager,Male,45-54,Operations,Yes,No,Yes,3.9,3.5
EMP-0620,FY20,Senior Manager,Male,35-44,Legal,No,No,No,3.3,2.7
EMP-0621,FY20,Senior Manager,Male,16-24,Technology,Yes,Yes,No,4.1,4.6
EMP-0622,FY20,Senior Manager,Female,45-54,Legal,No,No,No,3.6,1.3
EMP-0623,FY20,Senior Manager,Male,55-64,Sales,Yes,No,No,2.0,7.4
EMP-0624,FY20,Senior Manager,Male,55-64,Sales,No,No,No,3.8,5.7
EMP-0625,FY20,Senior Manager,Female,35-44,Technology,No,No,No,3.3,1.0
EMP-0626,FY20,Senior Manager,Male,16-24,Technology,Yes,No,No,2.4,4.7
EMP-0627,FY20,Senior Manager,Male,55-64,Technology,No,No,No,3.4,4.0
EMP-0628,FY20,Senior Manager,Male,45-54,Technology,No,No,No,2.7,0.7
EMP-0629,FY20,Senior Manager,Female,65+,Operations,No,No,No,1.7,3.7
EMP-0630,FY20,Senior Manager,Male,35-44,Sales,No,No,No,3.2,5.6
EMP-0631,FY20,Senior Manager,Female,16-24,Technology,No,Yes,No,2.3,1.1
EMP-0632,FY20,Senior Manager,Male,65+,Finance,Yes,No,No,2.0,8.0
EMP-0633,FY20,Senior Manager,Male,25-34,HR,No,No,No,2.5,2.1
EMP-0634,FY20,Senior Manager,Male,35-44,Finance,No,No,No,2.4,1.1
EMP-0635,FY20,Senior Manager,Male,16-24,Sales,No,No,No,1.8,5.6
EMP-0636,FY20,Senior Manager,Female,45-54,Finance,Yes,No,No,3.7,4.1
EMP-0637,FY20,Senior Manager,Male,55-64,Sales,No,No,No,3.9,0.9
EMP-0638,FY20,Senior Manager,Female,65+,Legal,Yes,No,No,3.3,5.2
EMP-0639,FY20,Senior Manager,Male,35-44,HR,No,No,No,4.0,2.9
EMP-0640,FY20,Senior Manager,Male,16-24,Legal,No,Yes,No,3.8,4.2
EMP-0641,FY20,Senior Manager,Male,25-34,Finance,No,No,No,3.3,0.6
EMP-0642,FY20,Senior Manager,Male,55-64,HR,No,No,No,3.3,2.6
EMP-0643,FY20,Senior Manager,Male,45-54,Strategy,No,No,No,3.0,2.2
EMP-0644,FY20,Senior Manager,Male,55-64,Operations,No,No,No,3.7,6.2
EMP-0645,FY20,Senior Manager,Male,45-54,Legal,No,No,No,2.5,1.9
EMP-0646,FY20,Senior Manager,Male,45-54,Strategy,Yes,No,No,3.2,5.9
EMP-0647,FY20,Senior Manager,Female,65+,Operations,Yes,Yes,No,3.0,2.2
EMP-0648,FY20,Senior Manager,Male,35-44,Sales,Yes,No,No,2.8,4.6
EMP-0649,FY20,Senior Manager,Male,25-34,Finance,No,No,No,2.3,6.1
EMP-0650,FY20,Senior Manager,Male,65+,Operations,No,No,No,2.9,3.4
EMP-0651,FY20,Senior Manager,Female,35-44,Legal,No,No,No,3.4,5.6
EMP-0652,FY20,Senior Manager,Female,55-64,Operations,Yes,No,Yes,2.3,3.7
EMP-0653,FY20,Senior Manager,Male,25-34,Technology,No,No,No,3.1,3.9
EMP-0654,FY20,Senior Manager,Male,16-24,Technology,Yes,No,No,3.7,5.6
EMP-0655,FY20,Senior Manager,Male,25-34,HR,No,No,No,4.1,1.2
EMP-0656,FY20,Senior Manager,Male,16-24,HR,No,No,No,4.3,1.3
EMP-0657,FY20,Senior Manager,Male,55-64,HR,No,No,Yes,2.9,4.9
EMP-0658,FY20,Senior Manager,Male,55-64,Strategy,No,No,No,3.5,2.3
EMP-0659,FY20,Senior Manager,Male,65+,Sales,Yes,No,No,2.5,2.7
EMP-0660,FY20,Senior Manager,Female,16-24,Sales,Yes,No,No,2.5,7.4
EMP-0661,FY20,Director,Female,35-44,Technology,No,No,Yes,3.2,5.7
EMP-0662,FY20,Director,Female,16-24,Finance,No,No,No,2.4,1.5
EMP-0663,FY20,Director,Male,45-54,Finance,Yes,No,No,3.1,6.4
EMP-0664,FY20,Director,Male,45-54,Legal,No,No,No,4.3,5.5
EMP-0665,FY20,Director,Male,25-34,Sales,Yes,No,No,2.8,4.9
EMP-0666,FY20,Director,Male,55-64,Sales,No,No,No,3.0,5.9
EMP-0667,FY20,Director,Male,55-64,Operations,No,No,No,3.4,2.3
EMP-0668,FY20,Director,Male,25-34,Finance,No,No,No,3.0,7.6
EMP-0669,FY20,Director,Male,35-44,HR,No,No,No,2.9,6.4
EMP-0670,FY20,Director,Male,25-34,Strategy,No,No,No,3.7,4.6
EMP-0671,FY20,Director,Male,16-24,Legal,No,No,No,2.2,6.4
EMP-0672,FY20,Director,Male,16-24,Sales,No,No,No,3.4,8.0
EMP-0673,FY20,Director,Male,16-24,Finance,No,No,No,3.8,4.7
EMP-0674,FY20,Director,Male,55-64,Operations,No,No,No,3.4,0.6
EMP-0675,FY20,Director,Female,25-34,Legal,No,No,No,2.6,7.5
EMP-0676,FY20,Director,Female,65+,Technology,No,No,Yes,3.3,4.3
EMP-0677,FY20,Director,Male,65+,Operations,Yes,No,No,2.7,6.1
EMP-0678,FY20,Director,Male,45-54,Strategy,No,No,No,1.9,6.8
EMP-0679,FY20,Director,Female,35-44,HR,No,No,No,2.3,5.1
EMP-0680,FY20,Director,Male,25-34,Sales,No,No,No,3.0,2.4
EMP-0681,FY20,Director,Male,65+,Operations,No,No,No,3.1,4.4
EMP-0682,FY20,Director,Male,16-24,Finance,No,No,No,3.3,7.2
EMP-0683,FY20,Director,Male,65+,Sales,Yes,No,No,3.5,7.1
EMP-0684,FY20,Director,Female,55-64,Finance,Yes,No,No,2.4,4.8
EMP-0685,FY20,Director,Male,16-24,Legal,Yes,No,No,1.9,5.9
EMP-0686,FY20,Executive,Male,55-64,Sales,No,No,No,3.0,6.4
EMP-0687,FY20,Executive,Male,45-54,HR,No,No,No,3.6,5.2
EMP-0688,FY20,Executive,Female,16-24,Legal,No,No,No,2.8,5.1
EMP-0689,FY20,Executive,Male,55-64,Sales,No,Yes,No,2.7,3.1
EMP-0690,FY20,Executive,Male,65+,HR,No,No,No,2.8,6.1
EMP-0691,FY20,Executive,Male,25-34,Strategy,No,No,No,3.7,2.1
EMP-0692,FY20,Executive,Female,35-44,Legal,Yes,No,No,2.8,7.0
EMP-0693,FY20,Executive,Male,35-44,Operations,No,No,No,4.1,6.1
EMP-0694,FY20,Executive,Male,25-34,Finance,Yes,No,No,3.2,7.6
EMP-0695,FY20,Executive,Male,65+,Operations,No,No,No,3.1,5.2
EMP-0696,FY20,Executive,Male,65+,Strategy,No,No,No,2.2,5.9
EMP-0697,FY20,Executive,Male,65+,Legal,No,No,No,3.2,3.5
EMP-0698,FY21,Entry,Female,25-34,Operations,No,Yes,No,3.7,5.8
EMP-0699,FY21,Entry,Male,45-54,Strategy,Yes,Yes,No,3.0,2.9
EMP-0700,FY21,Entry,Male,55-64,Strategy,No,No,No,3.3,2.6
EMP-0701,FY21,Entry,Male,16-24,Strategy,No,No,No,2.4,2.4
EMP-0702,FY21,Entry,Male,25-34,HR,No,No,No,3.4,1.0
EMP-0703,FY21,Entry,Male,16-24,Finance,Yes,No,No,3.1,4.8
EMP-0704,FY21,Entry,Male,35-44,Strategy,No,No,No,2.4,2.4
EMP-0705,FY21,Entry,Male,16-24,Operations,No,No,Yes,3.2,3.6
EMP-0706,FY21,Entry,Female,45-54,Strategy,No,Yes,No,2.9,5.9
EMP-0707,FY21,Entry,Female,16-24,Technology,Yes,No,No,2.5,5.5
EMP-0708,FY21,Entry,Male,45-54,Finance,Yes,No,No,4.0,7.9
EMP-0709,FY21,Entry,Female,45-54,Strategy,Yes,Yes,Yes,3.9,4.2
EMP-0710,FY21,Entry,Female,45-54,Legal,No,No,No,3.0,2.3
EMP-0711,FY21,Entry,Male,25-34,Operations,No,No,No,3.1,4.6
EMP-0712,FY21,Entry,Female,25-34,HR,No,No,No,2.8,0.6
EMP-0713,FY21,Entry,Male,65+,Strategy,No,No,No,2.3,4.9
EMP-0714,FY21,Entry,Female,45-54,Sales,Yes,No,No,3.6,2.2
EMP-0715,FY21,Entry,Male,65+,Sales,No,Yes,No,2.3,3.9
EMP-0716,FY21,Entry,Male,55-64,Legal,No,No,No,3.3,0.7
EMP-0717,FY21,Entry,Female,55-64,Operations,No,No,No,3.4,5.4
EMP-0718,FY21,Entry,Male,25-34,Operations,Yes,Yes,No,3.7,2.3
EMP-0719,FY21,Entry,Female,55-64,Strategy,No,No,No,3.3,3.9
EMP-0720,FY21,Entry,Male,45-54,Finance,No,Yes,Yes,2.0,3.9
EMP-0721,FY21,Entry,Female,55-64,Technology,No,No,Yes,1.9,1.3
EMP-0722,FY21,Entry,Male,45-54,Strategy,No,No,No,4.1,2.7
EMP-0723,FY21,Entry,Female,35-44,Finance,No,No,No,3.6,4.1
EMP-0724,FY21,Entry,Male,25-34,Technology,No,No,No,3.6,6.0
EMP-0725,FY21,Entry,Male,65+,Strategy,No,No,No,2.8,2.0
EMP-0726,FY21,Entry,Female,25-34,Strategy,No,No,Yes,2.9,7.4
EMP-0727,FY21,Entry,Female,25-34,Technology,No,No,No,4.1,5.6
EMP-0728,FY21,Entry,Female,65+,HR,Yes,No,No,3.2,3.7
EMP-0729,FY21,Entry,Male,25-34,Legal,No,No,No,3.4,3.2
EMP-0730,FY21,Entry,Male,35-44,HR,No,Yes,No,3.6,5.2
EMP-0731,FY21,Entry,Male,55-64,Operations,No,Yes,Yes,2.3,5.9
EMP-0732,FY21,Entry,Male,45-54,Operations,No,No,No,3.7,5.6
EMP-0733,FY21,Entry,Female,16-24,Legal,No,No,No,2.5,2.4
EMP-0734,FY21,Entry,Female,16-24,Technology,No,No,No,3.4,7.5
EMP-0735,FY21,Entry,Female,25-34,Sales,No,No,No,2.3,6.8
EMP-0736,FY21,Entry,Female,25-34,Strategy,No,No,No,3.7,7.9
EMP-0737,FY21,Entry,Male,45-54,Finance,No,Yes,No,4.0,5.2
EMP-0738,FY21,Entry,Male,55-64,Finance,No,No,No,2.6,7.4
EMP-0739,FY21,Entry,Female,35-44,Operations,No,Yes,No,3.1,4.5
EMP-0740,FY21,Entry,Male,55-64,Sales,No,No,No,3.1,1.2
EMP-0741,FY21,Entry,Male,16-24,Strategy,Yes,No,No,3.3,4.9
EMP-0742,FY21,Entry,Male,25-34,Technology,Yes,No,No,2.9,1.8
EMP-0743,FY21,Entry,Male,65+,Finance,No,No,Yes,1.9,7.7
EMP-0744,FY21,Entry,Male,35-44,Sales,No,No,No,2.6,7.5
EMP-0745,FY21,Entry,Female,25-34,HR,No,No,No,3.5,2.0
EMP-0746,FY21,Entry,Female,16-24,Finance,Yes,No,No,2.9,6.2
EMP-0747,FY21,Entry,Female,65+,HR,Yes,No,No,2.9,5.6
EMP-0748,FY21,Entry,Female,16-24,Sales,Yes,No,No,4.2,1.7
EMP-0749,FY21,Entry,Male,55-64,Strategy,Yes,No,No,2.8,2.5
EMP-0750,FY21,Entry,Male,16-24,Strategy,Yes,No,No,3.5,3.5
EMP-0751,FY21,Entry,Male,25-34,Operations,No,No,No,3.3,5.9
EMP-0752,FY21,Entry,Female,65+,Operations,Yes,No,No,2.0,1.7
EMP-0753,FY21,Entry,Male,45-54,Operations,No,Yes,Yes,3.4,6.1
EMP-0754,FY21,Entry,Female,35-44,Finance,No,No,Yes,1.9,5.3
EMP-0755,FY21,Entry,Male,55-64,Sales,No,No,No,3.4,6.2
EMP-0756,FY21,Entry,Male,55-64,Sales,Yes,No,Yes,3.6,5.4
EMP-0757,FY21,Entry,Male,55-64,HR,No,No,No,3.8,3.4
EMP-0758,FY21,Entry,Female,25-34,Operations,No,No,No,3.7,3.4
EMP-0759,FY21,Entry,Female,45-54,Legal,No,No,No,3.3,2.5
EMP-0760,FY21,Entry,Male,16-24,Legal,Yes,No,No,3.6,7.9
EMP-0761,FY21,Entry,Female,35-44,Technology,Yes,No,No,2.9,7.0
EMP-0762,FY21,Entry,Male,25-34,Legal,No,No,No,2.9,7.6
EMP-0763,FY21,Entry,Female,35-44,Finance,No,Yes,No,3.6,6.5
EMP-0764,FY21,Entry,Male,16-24,HR,Yes,No,Yes,3.3,7.1
EMP-0765,FY21,Entry,Male,16-24,Finance,Yes,Yes,No,2.5,0.6
EMP-0766,FY21,Entry,Female,25-34,Technology,Yes,No,Yes,3.7,2.5
EMP-0767,FY21,Entry,Female,45-54,Sales,No,No,No,2.8,5.2
EMP-0768,FY21,Entry,Female,65+,Strategy,No,No,No,3.4,1.6
EMP-0769,FY21,Entry,Female,65+,Legal,Yes,No,No,3.1,2.8
EMP-0770,FY21,Entry,Male,25-34,Legal,Yes,No,Yes,3.8,5.4
EMP-0771,FY21,Entry,Male,65+,Technology,No,No,Yes,2.8,1.3
EMP-0772,FY21,Entry,Male,25-34,Finance,No,No,No,3.1,2.9
EMP-0773,FY21,Entry,Male,16-24,Strategy,No,Yes,No,2.9,3.3
EMP-0774,FY21,Entry,Male,25-34,Legal,Yes,No,No,2.2,3.5
EMP-0775,FY21,Entry,Male,35-44,Strategy,No,Yes,No,4.5,2.8
EMP-0776,FY21,Entry,Male,16-24,Operations,Yes,No,Yes,3.5,4.6
EMP-0777,FY21,Entry,Male,35-44,Sales,No,No,No,2.7,4.3
EMP-0778,FY21,Entry,Female,25-34,Sales,Yes,No,No,3.3,1.0
EMP-0779,FY21,Entry,Female,65+,Technology,No,No,Yes,3.8,2.4
EMP-0780,FY21,Entry,Female,55-64,Strategy,Yes,No,No,2.6,3.5
EMP-0781,FY21,Entry,Male,25-34,Technology,No,No,No,2.6,4.3
EMP-0782,FY21,Entry,Female,16-24,HR,Yes,No,No,3.2,6.2
EMP-0783,FY21,Entry,Female,45-54,HR,No,Yes,No,3.6,4.6
EMP-0784,FY21,Entry,Female,16-24,HR,Yes,No,Yes,3.6,7.6
EMP-0785,FY21,Entry,Male,45-54,Finance,Yes,Yes,No,3.0,4.4
EMP-0786,FY21,Entry,Male,45-54,Technology,No,No,No,3.8,4.4
EMP-0787,FY21,Entry,Male,35-44,HR,No,No,No,2.1,5.6
EMP-0788,FY21,Entry,Female,35-44,Finance,Yes,No,No,2.9,6.6
EMP-0789,FY21,Entry,Female,35-44,Legal,No,Yes,No,3.5,3.2
EMP-0790,FY21,Entry,Female,45-54,Technology,Yes,No,No,2.7,4.6
EMP-0791,FY21,Entry,Male,65+,Technology,No,No,No,2.9,2.0
EMP-0792,FY21,Entry,Female,65+,Technology,Yes,No,Yes,3.2,6.8
EMP-0793,FY21,Entry,Male,55-64,Technology,No,No,No,4.3,0.6
EMP-0794,FY21,Entry,Female,65+,Finance,No,No,Yes,1.9,0.9
EMP-0795,FY21,Entry,Female,35-44,Strategy,No,No,No,3.2,2.8
EMP-0796,FY21,Entry,Male,55-64,Strategy,No,No,No,4.0,2.9
EMP-0797,FY21,Entry,Male,55-64,Legal,No,No,No,3.7,6.0
EMP-0798,FY21,Entry,Male,65+,Legal,Yes,No,Yes,4.3,0.8
EMP-0799,FY21,Entry,Female,55-64,HR,No,No,No,2.1,1.2
EMP-0800,FY21,Entry,Male,25-34,Strategy,Yes,No,Yes,2.4,5.4
EMP-0801,FY21,Entry,Male,16-24,Finance,No,No,No,3.1,7.3
EMP-0802,FY21,Entry,Female,25-34,Strategy,Yes,No,No,3.2,1.9
EMP-0803,FY21,Entry,Female,55-64,HR,No,No,No,2.4,1.1
EMP-0804,FY21,Entry,Female,35-44,Legal,Yes,No,No,1.9,5.3
EMP-0805,FY21,Entry,Male,45-54,Operations,Yes,No,No,3.5,3.1
EMP-0806,FY21,Entry,Female,35-44,Strategy,Yes,No,No,1.9,0.8
EMP-0807,FY21,Entry,Male,45-54,Operations,Yes,No,Yes,2.7,2.5
EMP-0808,FY21,Entry,Female,45-54,Sales,No,No,No,3.9,7.2
EMP-0809,FY21,Entry,Female,45-54,HR,No,No,No,3.1,2.5
EMP-0810,FY21,Entry,Female,55-64,Legal,No,Yes,No,3.5,5.6
EMP-0811,FY21,Entry,Male,45-54,HR,Yes,Yes,Yes,3.2,3.1
EMP-0812,FY21,Entry,Male,16-24,Legal,Yes,No,No,2.9,2.0
EMP-0813,FY21,Entry,Female,45-54,Legal,Yes,No,No,3.6,5.7
EMP-0814,FY21,Entry,Female,16-24,Operations,No,No,No,3.6,2.5
EMP-0815,FY21,Entry,Female,16-24,Finance,No,No,Yes,3.5,3.0
EMP-0816,FY21,Entry,Male,45-54,Sales,No,No,No,3.8,7.0
EMP-0817,FY21,Entry,Female,16-24,HR,Yes,No,No,3.6,5.9
EMP-0818,FY21,Entry,Female,55-64,Technology,No,No,No,2.8,0.7
EMP-0819,FY21,Entry,Male,16-24,Operations,No,No,Yes,2.5,5.6
EMP-0820,FY21,Entry,Female,16-24,Legal,No,No,No,2.9,7.7
EMP-0821,FY21,Entry,Female,16-24,Operations,No,No,No,1.9,0.7
EMP-0822,FY21,Entry,Male,55-64,Finance,Yes,No,Yes,3.4,2.1
EMP-0823,FY21,Entry,Female,25-34,Strategy,No,Yes,No,2.7,2.4
EMP-0824,FY21,Entry,Male,65+,Sales,Yes,Yes,Yes,3.7,1.0
EMP-0825,FY21,Entry,Male,65+,Operations,No,No,Yes,2.7,6.5
EMP-0826,FY21,Entry,Male,35-44,Legal,Yes,No,No,3.1,4.7
EMP-0827,FY21,Entry,Male,16-24,Finance,No,No,Yes,2.6,6.8
EMP-0828,FY21,Entry,Female,45-54,Finance,No,No,No,2.8,4.3
EMP-0829,FY21,Entry,Male,65+,Operations,Yes,No,Yes,3.0,1.4
EMP-0830,FY21,Entry,Female,45-54,Technology,No,No,No,3.9,2.2
EMP-0831,FY21,Entry,Male,25-34,HR,No,Yes,Yes,3.9,2.2
EMP-0832,FY21,Entry,Female,55-64,HR,No,No,No,3.2,4.3
EMP-0833,FY21,Entry,Female,35-44,Technology,No,No,No,2.5,6.2
EMP-0834,FY21,Entry,Male,45-54,Finance,No,Yes,No,3.3,6.3
EMP-0835,FY21,Entry,Female,45-54,Sales,No,Yes,No,3.8,0.8
EMP-0836,FY21,Entry,Male,55-64,Operations,No,No,No,4.7,1.0
EMP-0837,FY21,Entry,Female,55-64,Sales,No,No,No,3.3,6.3
EMP-0838,FY21,Entry,Male,16-24,Strategy,No,Yes,No,3.0,7.2
EMP-0839,FY21,Entry,Male,45-54,Legal,Yes,No,No,3.5,3.0
EMP-0840,FY21,Entry,Female,65+,Finance,Yes,No,No,2.8,5.3
EMP-0841,FY21,Entry,Female,55-64,Legal,No,No,Yes,3.9,8.0
EMP-0842,FY21,Entry,Male,16-24,Technology,No,No,No,2.6,6.3
EMP-0843,FY21,Entry,Male,25-34,Operations,No,Yes,No,2.2,1.8
EMP-0844,FY21,Entry,Male,16-24,Strategy,No,No,Yes,3.3,7.2
EMP-0845,FY21,Entry,Female,25-34,Operations,No,Yes,No,2.6,3.4
EMP-0846,FY21,Entry,Female,65+,Operations,No,Yes,No,2.7,0.9
EMP-0847,FY21,Entry,Female,16-24,Finance,Yes,No,Yes,3.1,3.0
EMP-0848,FY21,Entry,Male,55-64,Strategy,No,No,No,3.3,1.1
EMP-0849,FY21,Entry,Male,45-54,Technology,No,No,No,2.4,5.7
EMP-0850,FY21,Entry,Male,65+,Legal,No,No,Yes,2.5,0.6
EMP-0851,FY21,Entry,Male,65+,Finance,No,No,Yes,3.4,1.5
EMP-0852,FY21,Entry,Male,65+,Strategy,No,No,No,2.8,7.2
EMP-0853,FY21,Entry,Female,55-64,Finance,No,Yes,No,2.4,7.5
EMP-0854,FY21,Entry,Male,65+,Finance,Yes,Yes,No,2.5,3.5
EMP-0855,FY21,Entry,Female,55-64,Technology,No,No,No,2.6,2.4
EMP-0856,FY21,Entry,Male,65+,Sales,No,No,No,3.7,1.1
EMP-0857,FY21,Entry,Male,25-34,Operations,No,No,No,2.4,7.9
EMP-0858,FY21,Entry,Male,65+,Sales,Yes,Yes,Yes,3.4,6.4
EMP-0859,FY21,Entry,Female,65+,Sales,No,Yes,No,3.4,2.8
EMP-0860,FY21,Entry,Female,16-24,Technology,No,Yes,Yes,3.4,1.5
EMP-0861,FY21,Entry,Male,16-24,Legal,No,No,No,3.4,7.4
EMP-0862,FY21,Entry,Male,65+,Finance,No,No,No,2.5,3.7
EMP-0863,FY21,Entry,Male,25-34,Finance,Yes,No,No,3.3,2.9
EMP-0864,FY21,Entry,Female,35-44,HR,No,No,No,3.0,2.1
EMP-0865,FY21,Entry,Male,16-24,Finance,No,No,No,3.3,5.4
EMP-0866,FY21,Entry,Female,65+,Operations,No,No,No,2.9,3.5
EMP-0867,FY21,Entry,Female,55-64,Legal,No,No,No,3.7,5.6
EMP-0868,FY21,Entry,Female,35-44,Finance,Yes,Yes,No,2.0,2.7
EMP-0869,FY21,Entry,Female,45-54,Technology,No,No,No,2.3,3.3
EMP-0870,FY21,Entry,Female,16-24,Sales,No,Yes,No,3.6,7.2
EMP-0871,FY21,Entry,Female,45-54,Operations,No,No,Yes,2.9,5.3
EMP-0872,FY21,Entry,Male,45-54,Sales,No,No,No,3.1,1.7
EMP-0873,FY21,Entry,Male,25-34,HR,No,No,No,2.6,4.8
EMP-0874,FY21,Entry,Female,45-54,Operations,No,No,No,3.4,4.8
EMP-0875,FY21,Entry,Female,55-64,Strategy,Yes,No,No,2.8,0.8
EMP-0876,FY21,Entry,Female,25-34,Strategy,No,No,No,3.3,1.3
EMP-0877,FY21,Entry,Male,65+,Legal,No,No,No,2.9,6.2
EMP-0878,FY21,Entry,Female,45-54,Sales,No,No,No,3.3,4.4
EMP-0879,FY21,Entry,Female,65+,Strategy,No,No,No,2.2,1.0
EMP-0880,FY21,Entry,Female,65+,Strategy,No,No,No,1.9,3.1
EMP-0881,FY21,Entry,Female,16-24,Legal,Yes,No,No,3.1,3.3
EMP-0882,FY21,Entry,Male,35-44,Finance,No,Yes,No,3.4,2.3
EMP-0883,FY21,Entry,Female,65+,Finance,No,No,No,2.8,7.9
EMP-0884,FY21,Entry,Male,35-44,Legal,Yes,No,No,4.0,7.3
EMP-0885,FY21,Entry,Female,16-24,Technology,No,No,No,3.2,1.7
EMP-0886,FY21,Entry,Female,16-24,HR,No,No,No,2.2,7.5
EMP-0887,FY21,Entry,Male,45-54,Finance,No,No,No,3.8,5.3
EMP-0888,FY21,Entry,Male,35-44,Finance,Yes,No,No,3.7,7.2
EMP-0889,FY21,Entry,Female,45-54,Operations,No,No,Yes,2.5,1.9
EMP-0890,FY21,Entry,Female,25-34,Strategy,No,No,No,2.5,0.9
EMP-0891,FY21,Entry,Male,65+,Sales,No,No,Yes,3.5,6.1
EMP-0892,FY21,Entry,Male,35-44,Finance,Yes,No,Yes,2.3,7.0
EMP-0893,FY21,Entry,Female,16-24,Finance,Yes,Yes,No,3.9,7.7
EMP-0894,FY21,Entry,Male,35-44,Technology,No,No,No,2.7,4.7
EMP-0895,FY21,Entry,Male,35-44,Legal,Yes,No,Yes,3.7,3.8
EMP-0896,FY21,Entry,Female,25-34,Operations,No,No,No,3.4,1.1
EMP-0897,FY21,Entry,Male,16-24,HR,No,No,No,3.7,4.1
EMP-0898,FY21,Junior,Female,65+,Sales,No,No,No,3.6,0.6
EMP-0899,FY21,Junior,Female,55-64,Strategy,No,No,No,2.9,5.1
EMP-0900,FY21,Junior,Male,55-64,Strategy,No,No,No,3.6,6.5
EMP-0901,FY21,Junior,Male,45-54,Strategy,No,No,No,3.6,1.1
EMP-0902,FY21,Junior,Female,35-44,Operations,No,No,No,2.7,1.7
EMP-0903,FY21,Junior,Female,55-64,Operations,No,No,No,2.7,6.4
EMP-0904,FY21,Junior,Male,55-64,Sales,No,Yes,No,3.3,0.8
EMP-0905,FY21,Junior,Male,25-34,Finance,No,No,No,3.2,5.2
EMP-0906,FY21,Junior,Female,55-64,Technology,No,Yes,No,2.3,2.0
EMP-0907,FY21,Junior,Male,55-64,Sales,No,Yes,Yes,2.7,5.8
EMP-0908,FY21,Junior,Female,65+,Sales,No,No,No,3.1,3.8
EMP-0909,FY21,Junior,Male,55-64,Technology,No,No,No,2.8,4.0
EMP-0910,FY21,Junior,Female,55-64,Finance,No,No,No,2.9,1.2
EMP-0911,FY21,Junior,Female,65+,Strategy,No,Yes,Yes,3.0,1.7
EMP-0912,FY21,Junior,Male,45-54,Sales,No,No,No,3.0,2.5
EMP-0913,FY21,Junior,Female,16-24,Legal,Yes,No,No,3.2,6.5
EMP-0914,FY21,Junior,Female,16-24,Legal,Yes,Yes,Yes,3.2,8.0
EMP-0915,FY21,Junior,Male,35-44,HR,No,No,No,3.0,3.4
EMP-0916,FY21,Junior,Male,25-34,Legal,No,No,No,3.4,0.6
EMP-0917,FY21,Junior,Female,16-24,Sales,No,No,No,3.0,1.8
EMP-0918,FY21,Junior,Female,35-44,HR,No,No,No,3.5,4.7
EMP-0919,FY21,Junior,Female,65+,Legal,No,No,No,4.0,6.4
EMP-0920,FY21,Junior,Male,55-64,Operations,Yes,No,No,3.6,5.2
EMP-0921,FY21,Junior,Male,55-64,Operations,Yes,No,No,2.7,3.9
EMP-0922,FY21,Junior,Female,35-44,HR,No,No,No,3.6,2.8
EMP-0923,FY21,Junior,Male,35-44,Legal,No,No,No,3.4,4.5
EMP-0924,FY21,Junior,Female,16-24,Technology,No,No,No,2.9,2.8
EMP-0925,FY21,Junior,Male,25-34,Finance,No,No,No,2.7,1.3
EMP-0926,FY21,Junior,Female,55-64,Technology,No,Yes,No,2.9,3.4
EMP-0927,FY21,Junior,Male,25-34,Sales,No,No,No,3.3,6.7
EMP-0928,FY21,Junior,Male,35-44,Legal,No,No,No,3.1,7.2
EMP-0929,FY21,Junior,Female,55-64,HR,Yes,No,No,3.1,3.1
EMP-0930,FY21,Junior,Male,65+,Technology,Yes,No,No,2.4,7.3
EMP-0931,FY21,Junior,Male,35-44,Legal,No,No,No,2.3,4.0
EMP-0932,FY21,Junior,Male,16-24,Finance,No,No,No,3.7,1.1
EMP-0933,FY21,Junior,Female,35-44,Strategy,Yes,No,No,3.4,5.5
EMP-0934,FY21,Junior,Male,45-54,Operations,No,No,No,4.1,2.7
EMP-0935,FY21,Junior,Female,45-54,Operations,No,No,No,2.8,6.1
EMP-0936,FY21,Junior,Male,55-64,Technology,No,No,Yes,4.3,0.8
EMP-0937,FY21,Junior,Female,25-34,Finance,No,Yes,No,3.4,1.9
EMP-0938,FY21,Junior,Male,45-54,Finance,Yes,No,No,3.0,6.6
EMP-0939,FY21,Junior,Female,55-64,Strategy,No,No,No,2.2,5.6
EMP-0940,FY21,Junior,Male,25-34,Sales,No,Yes,Yes,2.9,5.4
EMP-0941,FY21,Junior,Female,65+,Sales,Yes,No,No,2.0,6.1
EMP-0942,FY21,Junior,Female,35-44,Legal,No,No,No,2.7,7.0
EMP-0943,FY21,Junior,Female,55-64,Strategy,No,No,No,2.5,7.3
EMP-0944,FY21,Junior,Male,45-54,Sales,No,No,No,2.0,3.8
EMP-0945,FY21,Junior,Male,25-34,Finance,No,No,No,4.2,4.8
EMP-0946,FY21,Junior,Female,16-24,Legal,Yes,Yes,No,2.9,1.1
EMP-0947,FY21,Junior,Female,16-24,Operations,No,No,No,2.7,3.8
EMP-0948,FY21,Junior,Female,55-64,Operations,Yes,No,No,4.0,4.6
EMP-0949,FY21,Junior,Female,55-64,Legal,No,No,No,2.3,5.7
EMP-0950,FY21,Junior,Female,65+,HR,No,No,No,2.1,3.6
EMP-0951,FY21,Junior,Male,45-54,Strategy,Yes,No,No,2.4,2.8
EMP-0952,FY21,Junior,Female,35-44,Strategy,Yes,No,No,3.3,7.0
EMP-0953,FY21,Junior,Male,65+,Strategy,No,No,No,2.4,7.9
EMP-0954,FY21,Junior,Female,55-64,Finance,No,No,No,2.9,0.8
EMP-0955,FY21,Junior,Male,65+,Operations,No,No,No,3.0,2.3
EMP-0956,FY21,Junior,Male,35-44,HR,No,No,No,3.3,0.7
EMP-0957,FY21,Junior,Male,45-54,HR,No,No,No,2.5,5.8
EMP-0958,FY21,Junior,Male,65+,HR,Yes,No,No,2.7,1.7
EMP-0959,FY21,Junior,Male,25-34,Sales,Yes,Yes,No,2.3,4.5
EMP-0960,FY21,Junior,Male,25-34,Finance,No,No,No,3.3,5.5
EMP-0961,FY21,Junior,Female,25-34,Finance,Yes,No,No,3.0,7.4
EMP-0962,FY21,Junior,Female,55-64,Finance,Yes,Yes,No,2.6,2.6
EMP-0963,FY21,Junior,Female,55-64,Legal,No,No,Yes,2.3,7.3
EMP-0964,FY21,Junior,Female,45-54,HR,No,No,No,3.1,3.6
EMP-0965,FY21,Junior,Female,55-64,Operations,No,No,No,3.1,0.5
EMP-0966,FY21,Junior,Male,65+,HR,No,No,Yes,2.8,7.3
EMP-0967,FY21,Junior,Female,16-24,Legal,Yes,Yes,No,2.1,5.5
EMP-0968,FY21,Junior,Male,16-24,Legal,No,No,No,3.7,1.1
EMP-0969,FY21,Junior,Female,65+,Operations,Yes,No,No,1.8,1.6
EMP-0970,FY21,Junior,Female,16-24,Strategy,No,No,No,2.7,4.0
EMP-0971,FY21,Junior,Male,35-44,Strategy,No,No,No,2.4,3.0
EMP-0972,FY21,Junior,Male,35-44,Finance,No,No,No,3.3,5.6
EMP-0973,FY21,Junior,Male,55-64,Finance,No,No,No,2.9,5.8
EMP-0974,FY21,Junior,Female,45-54,Sales,No,No,No,3.5,4.5
EMP-0975,FY21,Junior,Male,55-64,Strategy,Yes,Yes,Yes,2.8,2.7
EMP-0976,FY21,Junior,Male,65+,Technology,No,No,No,2.3,4.7
EMP-0977,FY21,Junior,Female,25-34,Finance,No,No,Yes,2.3,4.7
EMP-0978,FY21,Junior,Female,65+,Operations,No,No,No,3.2,7.7
EMP-0979,FY21,Junior,Male,65+,Strategy,Yes,No,No,2.3,4.1
EMP-0980,FY21,Junior,Female,55-64,Finance,No,No,No,2.8,5.6
EMP-0981,FY21,Junior,Female,16-24,Operations,No,No,No,1.7,0.7
EMP-0982,FY21,Junior,Female,16-24,Operations,No,Yes,No,2.9,6.3
EMP-0983,FY21,Junior,Female,16-24,Technology,No,Yes,Yes,2.6,4.0
EMP-0984,FY21,Junior,Female,25-34,Technology,No,No,Yes,3.1,2.9
EMP-0985,FY21,Junior,Female,35-44,HR,No,No,No,3.4,1.9
EMP-0986,FY21,Junior,Female,25-34,Operations,Yes,No,No,3.9,4.1
EMP-0987,FY21,Junior,Female,65+,Operations,No,No,Yes,3.7,2.8
EMP-0988,FY21,Junior,Male,16-24,Technology,No,No,Yes,4.2,0.9
EMP-0989,FY21,Junior,Male,55-64,Finance,No,Yes,Yes,3.2,6.1
EMP-0990,FY21,Junior,Male,35-44,Technology,No,No,No,1.8,5.5
EMP-0991,FY21,Junior,Female,35-44,HR,No,No,Yes,3.0,3.3
EMP-0992,FY21,Junior,Female,65+,Operations,No,No,No,3.4,4.5
EMP-0993,FY21,Junior,Female,55-64,Legal,No,No,No,2.9,5.6
EMP-0994,FY21,Junior,Female,65+,Technology,No,No,No,3.1,1.0
EMP-0995,FY21,Junior,Male,35-44,Operations,No,Yes,Yes,2.6,1.0
EMP-0996,FY21,Junior,Male,25-34,Legal,Yes,Yes,No,2.3,4.4
EMP-0997,FY21,Junior,Male,65+,HR,No,No,Yes,2.8,4.5
EMP-0998,FY21,Junior,Male,35-44,Operations,No,No,No,3.1,2.4
EMP-0999,FY21,Junior,Female,35-44,HR,No,No,No,2.8,5.6
EMP-1000,FY21,Junior,Male,55-64,Sales,No,No,Yes,2.3,7.2
EMP-1001,FY21,Junior,Female,45-54,HR,No,No,Yes,3.4,4.4
EMP-1002,FY21,Junior,Female,25-34,Sales,No,No,Yes,3.1,4.1
EMP-1003,FY21,Junior,Female,65+,HR,Yes,No,No,2.7,3.6
EMP-1004,FY21,Junior,Female,25-34,Finance,Yes,No,No,2.5,1.8
EMP-1005,FY21,Junior,Female,35-44,Technology,No,No,No,1.9,4.5
EMP-1006,FY21,Junior,Male,25-34,HR,No,No,No,3.1,2.2
EMP-1007,FY21,Junior,Male,35-44,Strategy,Yes,No,No,3.1,1.6
EMP-1008,FY21,Junior,Male,35-44,Sales,Yes,No,No,3.1,1.1
EMP-1009,FY21,Junior,Male,16-24,Technology,No,Yes,No,3.0,5.8
EMP-1010,FY21,Junior,Female,35-44,Legal,No,No,No,3.5,0.9
EMP-1011,FY21,Junior,Male,16-24,Operations,No,No,No,3.7,5.2
EMP-1012,FY21,Junior,Male,55-64,Sales,Yes,No,No,3.5,3.3
EMP-1013,FY21,Junior,Female,65+,Technology,No,No,No,3.3,6.7
EMP-1014,FY21,Junior,Male,55-64,Finance,Yes,No,No,3.9,0.6
EMP-1015,FY21,Junior,Male,35-44,HR,No,No,No,4.2,1.0
EMP-1016,FY21,Junior,Female,35-44,Operations,No,No,Yes,2.8,7.0
EMP-1017,FY21,Junior,Female,65+,Finance,No,No,No,3.3,4.0
EMP-1018,FY21,Junior,Female,25-34,Finance,Yes,No,No,3.3,5.2
EMP-1019,FY21,Junior,Male,16-24,Legal,No,No,No,3.6,3.8
EMP-1020,FY21,Junior,Male,45-54,Legal,No,Yes,No,3.5,4.5
EMP-1021,FY21,Junior,Male,16-24,Finance,No,Yes,No,4.2,5.7
EMP-1022,FY21,Junior,Female,45-54,Sales,No,No,No,3.6,1.0
EMP-1023,FY21,Junior,Male,25-34,Legal,No,No,No,2.9,6.5
EMP-1024,FY21,Junior,Male,65+,Legal,No,No,Yes,3.3,7.8
EMP-1025,FY21,Junior,Female,65+,Technology,No,No,No,3.9,1.7
EMP-1026,FY21,Junior,Male,16-24,Finance,No,No,No,3.6,1.7
EMP-1027,FY21,Junior,Male,65+,Operations,Yes,No,No,2.9,7.7
EMP-1028,FY21,Junior,Female,55-64,Legal,Yes,No,Yes,3.3,3.9
EMP-1029,FY21,Junior,Female,55-64,HR,Yes,Yes,No,3.4,5.8
EMP-1030,FY21,Junior,Male,16-24,Technology,No,No,No,3.7,1.6
EMP-1031,FY21,Junior,Male,16-24,Technology,No,No,No,3.2,5.1
EMP-1032,FY21,Junior,Female,45-54,Legal,No,No,Yes,3.1,3.9
EMP-1033,FY21,Junior,Female,45-54,Sales,Yes,No,No,2.2,6.8
EMP-1034,FY21,Junior,Male,16-24,HR,No,No,Yes,3.4,0.5
EMP-1035,FY21,Junior,Female,16-24,Technology,Yes,No,No,3.1,5.7
EMP-1036,FY21,Junior,Male,25-34,Operations,Yes,No,No,2.7,1.9
EMP-1037,FY21,Junior,Male,16-24,Legal,No,No,Yes,3.1,2.7
EMP-1038,FY21,Junior,Male,45-54,Legal,No,No,No,3.3,4.7
EMP-1039,FY21,Junior,Female,16-24,Legal,No,No,No,2.8,2.0
EMP-1040,FY21,Junior,Male,65+,Finance,No,No,No,3.0,1.5
EMP-1041,FY21,Junior,Female,25-34,Operations,Yes,No,Yes,3.7,4.8
EMP-1042,FY21,Junior,Female,65+,Sales,No,No,No,2.0,0.5
EMP-1043,FY21,Junior,Male,16-24,Strategy,No,Yes,Yes,2.3,7.3
EMP-1044,FY21,Junior,Female,16-24,Technology,No,No,No,3.9,4.5
EMP-1045,FY21,Junior,Female,35-44,Strategy,Yes,No,No,2.9,6.4
EMP-1046,FY21,Junior,Female,35-44,Legal,No,No,Yes,3.7,4.5
EMP-1047,FY21,Junior,Male,25-34,Finance,No,No,No,3.2,2.4
EMP-1048,FY21,Junior,Female,55-64,Operations,Yes,No,No,2.9,3.3
EMP-1049,FY21,Junior,Female,25-34,Strategy,Yes,No,No,2.6,4.8
EMP-1050,FY21,Junior,Male,55-64,Finance,No,Yes,No,2.7,6.0
EMP-1051,FY21,Junior,Male,65+,Finance,Yes,Yes,No,3.5,1.1
EMP-1052,FY21,Junior,Female,55-64,Technology,No,Yes,No,2.6,5.2
EMP-1053,FY21,Junior,Male,35-44,HR,Yes,No,No,3.9,1.8
EMP-1054,FY21,Junior,Female,16-24,Operations,No,No,No,3.8,2.2
EMP-1055,FY21,Junior,Female,45-54,Operations,No,No,No,2.8,5.0
EMP-1056,FY21,Junior,Male,55-64,Operations,No,No,Yes,3.6,2.2
EMP-1057,FY21,Junior,Female,25-34,HR,Yes,No,No,3.3,2.7
EMP-1058,FY21,Junior,Male,16-24,Legal,No,No,No,2.9,3.6
EMP-1059,FY21,Junior,Female,35-44,Legal,No,Yes,No,2.8,0.8
EMP-1060,FY21,Junior,Male,65+,Legal,No,No,No,3.4,0.5
EMP-1061,FY21,Junior,Male,65+,Strategy,No,Yes,No,3.3,5.3
EMP-1062,FY21,Junior,Male,55-64,HR,No,No,No,3.3,6.6
EMP-1063,FY21,Junior,Female,65+,Technology,Yes,No,No,4.0,5.5
EMP-1064,FY21,Junior,Female,35-44,HR,No,No,No,3.5,4.6
EMP-1065,FY21,Junior,Male,16-24,HR,No,No,No,3.1,7.2
EMP-1066,FY21,Junior,Male,25-34,Technology,No,No,No,3.0,5.4
EMP-1067,FY21,Junior,Female,65+,Finance,No,Yes,No,2.9,4.4
EMP-1068,FY21,Junior,Male,55-64,Sales,No,No,No,3.5,3.3
EMP-1069,FY21,Junior,Male,65+,Finance,Yes,No,No,2.8,7.1
EMP-1070,FY21,Junior,Female,65+,Operations,Yes,No,No,3.3,4.2
EMP-1071,FY21,Junior,Male,25-34,Legal,No,No,No,3.1,1.8
EMP-1072,FY21,Junior,Female,16-24,Technology,No,No,No,2.4,4.7
EMP-1073,FY21,Junior,Male,45-54,Legal,No,No,No,2.2,8.0
EMP-1074,FY21,Junior,Male,65+,Legal,No,No,No,4.6,2.3
EMP-1075,FY21,Junior,Female,65+,Finance,Yes,Yes,No,2.6,0.7
EMP-1076,FY21,Junior,Male,35-44,Technology,No,No,Yes,3.3,5.8
EMP-1077,FY21,Junior,Female,55-64,Finance,No,Yes,No,2.9,7.5
EMP-1078,FY21,Senior,Male,35-44,Technology,No,No,No,2.7,6.2
EMP-1079,FY21,Senior,Female,65+,Sales,Yes,No,No,2.8,0.7
EMP-1080,FY21,Senior,Male,16-24,Finance,No,No,No,3.1,2.4
EMP-1081,FY21,Senior,Female,35-44,Sales,No,No,No,2.8,1.6
EMP-1082,FY21,Senior,Male,65+,HR,No,No,No,2.2,4.6
EMP-1083,FY21,Senior,Female,45-54,Technology,Yes,Yes,No,3.5,6.4
EMP-1084,FY21,Senior,Female,45-54,Strategy,No,No,No,3.3,7.9
EMP-1085,FY21,Senior,Female,25-34,Strategy,Yes,Yes,No,3.2,2.5
EMP-1086,FY21,Senior,Male,55-64,Finance,No,Yes,No,2.9,1.7
EMP-1087,FY21,Senior,Male,55-64,Legal,No,No,No,2.7,0.6
EMP-1088,FY21,Senior,Female,65+,Strategy,No,No,No,3.4,0.8
EMP-1089,FY21,Senior,Male,55-64,Operations,No,Yes,No,3.8,4.2
EMP-1090,FY21,Senior,Male,16-24,HR,Yes,No,No,2.5,4.8
EMP-1091,FY21,Senior,Male,16-24,Technology,No,No,No,3.5,3.2
EMP-1092,FY21,Senior,Female,16-24,Finance,No,No,No,3.5,3.1
EMP-1093,FY21,Senior,Male,25-34,Operations,No,No,No,2.7,1.6
EMP-1094,FY21,Senior,Female,45-54,Finance,Yes,No,No,3.2,2.3
EMP-1095,FY21,Senior,Male,35-44,Technology,No,No,No,2.0,1.6
EMP-1096,FY21,Senior,Male,65+,Legal,Yes,No,No,4.1,7.5
EMP-1097,FY21,Senior,Male,55-64,Technology,No,No,No,2.6,6.8
EMP-1098,FY21,Senior,Male,45-54,Strategy,No,No,No,3.0,6.8
EMP-1099,FY21,Senior,Male,55-64,Sales,No,No,Yes,2.7,3.4
EMP-1100,FY21,Senior,Male,25-34,HR,No,No,No,3.7,7.4
EMP-1101,FY21,Senior,Female,16-24,Legal,No,No,No,2.6,5.8
EMP-1102,FY21,Senior,Male,35-44,Finance,Yes,No,No,2.8,2.8
EMP-1103,FY21,Senior,Female,16-24,Operations,No,No,No,3.7,7.0
EMP-1104,FY21,Senior,Female,65+,Legal,Yes,No,No,3.0,7.1
EMP-1105,FY21,Senior,Female,45-54,Strategy,Yes,No,No,2.7,7.0
EMP-1106,FY21,Senior,Male,35-44,Sales,Yes,No,No,4.2,7.6
EMP-1107,FY21,Senior,Male,16-24,Legal,No,No,No,2.2,4.2
EMP-1108,FY21,Senior,Male,65+,Operations,No,No,No,2.8,2.0
EMP-1109,FY21,Senior,Female,65+,Strategy,No,No,No,3.3,5.8
EMP-1110,FY21,Senior,Male,16-24,Strategy,No,No,No,2.8,0.6
EMP-1111,FY21,Senior,Female,16-24,Sales,No,Yes,No,2.8,6.5
EMP-1112,FY21,Senior,Male,16-24,Legal,No,No,No,3.0,1.6
EMP-1113,FY21,Senior,Male,16-24,Sales,No,No,No,1.9,0.7
EMP-1114,FY21,Senior,Male,45-54,Operations,No,No,No,2.9,2.7
EMP-1115,FY21,Senior,Male,35-44,Legal,No,No,Yes,3.0,0.7
EMP-1116,FY21,Senior,Male,65+,HR,No,No,Yes,3.4,5.8
EMP-1117,FY21,Senior,Male,45-54,Legal,Yes,No,No,2.4,5.0
EMP-1118,FY21,Senior,Male,25-34,Legal,No,No,Yes,2.7,2.1
EMP-1119,FY21,Senior,Female,65+,Operations,Yes,Yes,No,3.1,4.4
EMP-1120,FY21,Senior,Male,35-44,Legal,No,No,No,3.3,6.5
EMP-1121,FY21,Senior,Male,65+,HR,No,No,No,2.6,4.1
EMP-1122,FY21,Senior,Male,45-54,HR,No,No,No,2.7,5.6
EMP-1123,FY21,Senior,Male,55-64,Finance,No,No,No,3.4,6.3
EMP-1124,FY21,Senior,Female,55-64,HR,No,No,No,2.1,4.4
EMP-1125,FY21,Senior,Male,25-34,Strategy,No,No,No,3.2,1.8
EMP-1126,FY21,Senior,Female,16-24,Legal,No,No,No,3.0,6.1
EMP-1127,FY21,Senior,Male,25-34,Strategy,Yes,No,No,3.4,5.2
EMP-1128,FY21,Senior,Female,65+,Legal,No,No,No,3.8,3.6
EMP-1129,FY21,Senior,Female,55-64,Operations,No,No,No,3.0,6.3
EMP-1130,FY21,Senior,Male,16-24,Strategy,Yes,No,No,3.4,6.7
EMP-1131,FY21,Senior,Male,25-34,Strategy,No,Yes,No,2.3,4.8
EMP-1132,FY21,Senior,Male,45-54,Legal,No,No,No,3.4,5.0
EMP-1133,FY21,Senior,Male,25-34,Finance,Yes,No,No,3.3,5.5
EMP-1134,FY21,Senior,Male,16-24,Strategy,No,No,No,3.0,7.1
EMP-1135,FY21,Senior,Male,55-64,Finance,Yes,No,No,4.2,3.8
EMP-1136,FY21,Senior,Male,45-54,Finance,No,No,No,3.0,2.5
EMP-1137,FY21,Senior,Female,25-34,Legal,No,No,No,3.2,4.1
EMP-1138,FY21,Senior,Male,16-24,Legal,No,No,No,3.5,6.6
EMP-1139,FY21,Senior,Male,65+,Sales,No,No,No,3.7,5.3
EMP-1140,FY21,Senior,Male,16-24,Technology,No,No,No,2.6,6.5
EMP-1141,FY21,Senior,Female,45-54,HR,No,No,No,2.2,7.0
EMP-1142,FY21,Senior,Female,25-34,HR,No,Yes,No,2.6,6.4
EMP-1143,FY21,Senior,Male,65+,Operations,No,No,No,2.9,4.8
EMP-1144,FY21,Senior,Female,25-34,Strategy,No,No,No,2.9,2.6
EMP-1145,FY21,Senior,Male,35-44,Legal,No,No,No,4.0,6.8
EMP-1146,FY21,Senior,Male,35-44,Legal,No,Yes,No,2.7,1.1
EMP-1147,FY21,Senior,Male,16-24,Operations,Yes,No,No,4.2,3.3
EMP-1148,FY21,Senior,Male,25-34,HR,No,Yes,No,2.3,3.8
EMP-1149,FY21,Senior,Male,45-54,Technology,No,No,No,2.7,5.0
EMP-1150,FY21,Senior,Female,16-24,Legal,No,No,No,3.5,5.1
EMP-1151,FY21,Senior,Male,45-54,Technology,Yes,No,No,2.7,7.3
EMP-1152,FY21,Senior,Female,55-64,Finance,No,Yes,No,2.9,5.4
EMP-1153,FY21,Senior,Male,16-24,Operations,No,No,No,2.7,2.8
EMP-1154,FY21,Senior,Male,55-64,Sales,Yes,Yes,No,3.6,7.0
EMP-1155,FY21,Senior,Male,35-44,Technology,No,Yes,No,2.6,2.3
EMP-1156,FY21,Senior,Female,45-54,HR,No,No,No,3.2,7.5
EMP-1157,FY21,Senior,Male,25-34,Legal,Yes,No,No,3.3,3.3
EMP-1158,FY21,Senior,Male,35-44,Finance,Yes,Yes,No,2.7,2.6
EMP-1159,FY21,Senior,Female,35-44,Technology,No,No,No,2.7,7.3
EMP-1160,FY21,Senior,Male,65+,Technology,No,No,No,2.9,1.3
EMP-1161,FY21,Senior,Male,35-44,HR,Yes,No,No,2.9,2.4
EMP-1162,FY21,Senior,Male,55-64,Legal,No,Yes,No,3.8,3.0
EMP-1163,FY21,Senior,Male,65+,Legal,No,No,No,3.4,4.1
EMP-1164,FY21,Senior,Male,65+,Strategy,No,No,Yes,4.4,3.5
EMP-1165,FY21,Senior,Male,45-54,Sales,No,No,No,3.1,7.5
EMP-1166,FY21,Senior,Male,45-54,Strategy,No,No,No,2.7,1.3
EMP-1167,FY21,Senior,Female,65+,Sales,Yes,No,No,3.8,5.3
EMP-1168,FY21,Senior,Male,65+,Legal,No,No,No,3.6,4.8
EMP-1169,FY21,Senior,Male,45-54,Sales,No,No,No,2.8,7.6
EMP-1170,FY21,Senior,Male,45-54,Finance,Yes,No,Yes,2.4,4.6
EMP-1171,FY21,Senior,Male,55-64,HR,No,No,No,3.5,2.7
EMP-1172,FY21,Senior,Male,25-34,HR,No,No,No,3.2,5.4
EMP-1173,FY21,Senior,Male,55-64,Technology,Yes,No,No,3.2,1.9
EMP-1174,FY21,Senior,Male,55-64,Sales,No,No,Yes,2.7,4.4
EMP-1175,FY21,Senior,Male,25-34,Sales,No,No,No,3.1,2.4
EMP-1176,FY21,Senior,Female,35-44,Strategy,No,No,No,2.7,7.0
EMP-1177,FY21,Senior,Male,35-44,Sales,No,No,No,3.8,3.6
EMP-1178,FY21,Senior,Male,45-54,Technology,Yes,Yes,No,2.8,6.7
EMP-1179,FY21,Senior,Male,35-44,HR,No,No,No,3.0,3.3
EMP-1180,FY21,Senior,Male,35-44,HR,No,Yes,No,2.4,3.8
EMP-1181,FY21,Senior,Male,65+,Operations,No,No,No,3.7,1.8
EMP-1182,FY21,Senior,Male,16-24,Sales,Yes,No,No,2.4,0.6
EMP-1183,FY21,Senior,Female,35-44,Technology,No,No,No,2.5,0.6
EMP-1184,FY21,Senior,Male,65+,Sales,Yes,No,No,3.5,1.3
EMP-1185,FY21,Senior,Male,55-64,Strategy,Yes,No,No,3.3,4.5
EMP-1186,FY21,Senior,Male,16-24,Legal,No,No,No,1.9,1.7
EMP-1187,FY21,Senior,Female,65+,Technology,Yes,Yes,No,2.6,6.4
EMP-1188,FY21,Senior,Female,35-44,HR,No,No,No,3.0,3.9
EMP-1189,FY21,Senior,Male,55-64,Legal,No,No,No,2.1,2.9
EMP-1190,FY21,Senior,Male,45-54,Legal,No,No,No,2.6,5.7
EMP-1191,FY21,Senior,Female,16-24,HR,No,No,No,3.4,6.7
EMP-1192,FY21,Senior,Male,55-64,Strategy,Yes,No,No,3.4,6.3
EMP-1193,FY21,Senior,Female,45-54,HR,No,No,Yes,3.3,1.7
EMP-1194,FY21,Senior,Male,16-24,HR,Yes,No,No,3.4,2.9
EMP-1195,FY21,Senior,Male,16-24,Strategy,No,No,No,3.0,4.6
EMP-1196,FY21,Senior,Female,35-44,Finance,No,No,No,2.9,2.0
EMP-1197,FY21,Senior,Male,65+,Strategy,No,No,No,2.7,1.7
EMP-1198,FY21,Senior,Female,65+,Legal,No,No,No,3.0,2.0
EMP-1199,FY21,Senior,Male,65+,Sales,Yes,Yes,No,3.0,4.9
EMP-1200,FY21,Senior,Male,65+,Strategy,No,No,No,2.9,0.7
EMP-1201,FY21,Senior,Male,35-44,Finance,No,No,No,1.4,0.6
EMP-1202,FY21,Senior,Male,16-24,Legal,No,No,No,3.7,6.3
EMP-1203,FY21,Senior,Male,25-34,Strategy,No,No,No,3.4,4.8
EMP-1204,FY21,Senior,Male,55-64,Finance,No,No,No,4.5,3.4
EMP-1205,FY21,Senior,Male,55-64,Operations,No,No,No,3.4,2.9
EMP-1206,FY21,Senior,Male,45-54,Operations,No,Yes,No,3.4,1.4
EMP-1207,FY21,Senior,Male,16-24,Operations,No,No,Yes,4.0,4.6
EMP-1208,FY21,Senior,Male,16-24,Finance,No,No,No,3.2,4.8
EMP-1209,FY21,Senior,Male,16-24,Strategy,No,No,No,3.6,1.1
EMP-1210,FY21,Senior,Male,45-54,HR,Yes,No,No,3.4,5.1
EMP-1211,FY21,Senior,Male,25-34,Finance,No,No,Yes,3.3,6.2
EMP-1212,FY21,Senior,Female,16-24,Sales,No,No,No,2.6,6.9
EMP-1213,FY21,Senior,Male,16-24,Operations,No,Yes,No,3.5,3.2
EMP-1214,FY21,Senior,Male,65+,Finance,No,No,No,3.1,4.7
EMP-1215,FY21,Senior,Male,55-64,Sales,No,No,No,3.3,7.4
EMP-1216,FY21,Senior,Male,16-24,Sales,No,No,No,3.8,2.4
EMP-1217,FY21,Senior,Female,45-54,Finance,No,No,No,2.8,2.9
EMP-1218,FY21,Senior,Female,65+,HR,Yes,No,No,3.7,3.6
EMP-1219,FY21,Senior,Female,16-24,Legal,Yes,No,No,3.2,7.0
EMP-1220,FY21,Senior,Male,55-64,Legal,Yes,No,No,3.1,7.3
EMP-1221,FY21,Senior,Female,25-34,Strategy,No,No,No,2.5,7.1
EMP-1222,FY21,Senior,Male,35-44,Sales,Yes,No,No,2.5,4.3
EMP-1223,FY21,Senior,Male,55-64,Operations,No,No,No,2.2,7.2
EMP-1224,FY21,Senior,Male,65+,Strategy,Yes,No,No,3.2,2.3
EMP-1225,FY21,Senior,Male,55-64,Strategy,No,No,No,2.5,0.6
EMP-1226,FY21,Senior,Male,16-24,Sales,No,No,No,3.4,6.2
EMP-1227,FY21,Senior,Male,25-34,Finance,Yes,No,No,3.4,2.5
EMP-1228,FY21,Manager,Male,16-24,Strategy,No,No,No,3.0,5.3
EMP-1229,FY21,Manager,Female,55-64,Operations,No,No,No,2.9,6.9
EMP-1230,FY21,Manager,Male,25-34,Legal,No,No,No,3.5,5.0
EMP-1231,FY21,Manager,Male,65+,Legal,No,Yes,No,3.3,6.0
EMP-1232,FY21,Manager,Female,16-24,HR,No,No,No,2.9,5.3
EMP-1233,FY21,Manager,Female,35-44,Technology,No,Yes,No,2.8,5.8
EMP-1234,FY21,Manager,Male,35-44,Technology,No,No,No,2.7,7.5
EMP-1235,FY21,Manager,Female,45-54,HR,No,No,No,2.0,2.9
EMP-1236,FY21,Manager,Male,45-54,Operations,No,No,No,3.1,1.9
EMP-1237,FY21,Manager,Male,65+,Legal,Yes,No,No,1.7,7.5
EMP-1238,FY21,Manager,Female,25-34,Strategy,Yes,No,No,3.3,4.6
EMP-1239,FY21,Manager,Female,35-44,Strategy,No,No,No,3.0,0.8
EMP-1240,FY21,Manager,Female,25-34,Operations,Yes,No,No,2.6,6.5
EMP-1241,FY21,Manager,Male,55-64,Finance,No,No,No,4.3,2.8
EMP-1242,FY21,Manager,Female,45-54,HR,Yes,No,No,2.9,0.5
EMP-1243,FY21,Manager,Male,25-34,HR,Yes,No,No,2.4,3.3
EMP-1244,FY21,Manager,Male,16-24,Sales,No,No,No,4.3,1.9
EMP-1245,FY21,Manager,Male,35-44,Legal,Yes,No,No,3.1,7.0
EMP-1246,FY21,Manager,Male,45-54,Strategy,Yes,No,No,3.8,3.7
EMP-1247,FY21,Manager,Female,45-54,Finance,No,No,Yes,3.5,2.7
EMP-1248,FY21,Manager,Male,16-24,Strategy,No,No,No,2.5,1.4
EMP-1249,FY21,Manager,Female,35-44,Finance,No,Yes,No,2.4,3.0
EMP-1250,FY21,Manager,Male,65+,Finance,No,Yes,No,3.2,3.7
EMP-1251,FY21,Manager,Male,16-24,HR,Yes,No,Yes,3.0,1.2
EMP-1252,FY21,Manager,Male,25-34,Sales,No,No,No,2.6,5.9
EMP-1253,FY21,Manager,Female,55-64,Legal,No,Yes,No,3.0,5.0
EMP-1254,FY21,Manager,Male,16-24,Technology,No,No,No,3.2,1.1
EMP-1255,FY21,Manager,Male,55-64,Sales,No,No,No,2.4,3.9
EMP-1256,FY21,Manager,Male,25-34,Operations,No,No,No,3.4,7.1
EMP-1257,FY21,Manager,Female,65+,Sales,No,No,No,3.0,4.6
EMP-1258,FY21,Manager,Female,16-24,Sales,No,No,No,2.5,7.5
EMP-1259,FY21,Manager,Male,65+,Technology,Yes,No,No,2.9,6.6
EMP-1260,FY21,Manager,Male,16-24,HR,No,No,No,4.0,1.2
EMP-1261,FY21,Manager,Male,16-24,Technology,Yes,No,No,3.4,7.4
EMP-1262,FY21,Manager,Male,16-24,Operations,Yes,No,No,2.9,6.1
EMP-1263,FY21,Manager,Female,45-54,HR,No,No,No,4.0,5.5
EMP-1264,FY21,Manager,Female,35-44,Finance,No,No,No,3.7,7.8
EMP-1265,FY21,Manager,Male,55-64,Strategy,No,No,No,3.6,3.3
EMP-1266,FY21,Manager,Male,16-24,Operations,No,No,No,2.5,2.9
EMP-1267,FY21,Manager,Female,35-44,Strategy,No,Yes,No,2.9,6.8
EMP-1268,FY21,Manager,Female,16-24,Strategy,No,No,No,3.1,5.6
EMP-1269,FY21,Manager,Male,16-24,Strategy,No,No,No,2.7,7.4
EMP-1270,FY21,Manager,Female,16-24,Finance,No,No,No,4.3,6.7
EMP-1271,FY21,Manager,Female,16-24,Legal,Yes,No,No,2.9,4.1
EMP-1272,FY21,Manager,Male,35-44,Technology,No,No,No,2.8,0.5
EMP-1273,FY21,Manager,Female,35-44,Strategy,No,No,No,2.4,5.4
EMP-1274,FY21,Manager,Female,45-54,Strategy,No,Yes,No,3.3,2.4
EMP-1275,FY21,Manager,Female,16-24,Sales,No,Yes,No,4.0,6.2
EMP-1276,FY21,Manager,Female,16-24,Technology,No,Yes,No,4.0,5.4
EMP-1277,FY21,Manager,Male,55-64,Sales,No,No,No,2.2,6.4
EMP-1278,FY21,Manager,Male,55-64,Operations,No,No,No,3.8,5.8
EMP-1279,FY21,Manager,Male,45-54,Operations,No,No,No,2.9,0.8
EMP-1280,FY21,Manager,Male,35-44,Sales,Yes,No,No,2.9,5.8
EMP-1281,FY21,Manager,Female,16-24,Legal,No,No,No,2.0,4.4
EMP-1282,FY21,Manager,Male,16-24,HR,Yes,No,No,3.7,1.6
EMP-1283,FY21,Manager,Female,55-64,HR,No,No,No,2.8,5.8
EMP-1284,FY21,Manager,Male,35-44,Strategy,Yes,No,No,4.1,1.9
EMP-1285,FY21,Manager,Female,55-64,Sales,No,No,No,3.7,1.2
EMP-1286,FY21,Manager,Male,55-64,Strategy,No,Yes,No,3.1,5.1
EMP-1287,FY21,Manager,Female,25-34,HR,No,No,No,2.4,5.1
EMP-1288,FY21,Manager,Male,55-64,Finance,Yes,No,No,3.4,6.6
EMP-1289,FY21,Manager,Male,45-54,Strategy,No,Yes,No,3.9,4.9
EMP-1290,FY21,Manager,Female,45-54,Strategy,No,No,No,3.6,3.5
EMP-1291,FY21,Manager,Female,45-54,Legal,No,No,No,3.1,3.1
EMP-1292,FY21,Manager,Male,16-24,Technology,Yes,No,No,3.7,7.9
EMP-1293,FY21,Manager,Female,25-34,Sales,Yes,No,No,2.9,1.1
EMP-1294,FY21,Manager,Female,35-44,HR,No,No,No,3.5,6.1
EMP-1295,FY21,Manager,Female,45-54,Strategy,No,No,No,3.0,6.8
EMP-1296,FY21,Manager,Female,65+,Technology,No,No,No,3.9,2.0
EMP-1297,FY21,Manager,Male,55-64,Technology,No,No,No,3.3,3.1
EMP-1298,FY21,Manager,Male,35-44,Legal,No,No,No,2.6,3.6
EMP-1299,FY21,Manager,Male,65+,Sales,No,No,No,2.6,6.8
EMP-1300,FY21,Manager,Male,55-64,Legal,No,No,No,2.1,7.6
EMP-1301,FY21,Manager,Male,16-24,Strategy,Yes,No,No,4.1,7.5
EMP-1302,FY21,Manager,Female,45-54,Sales,Yes,No,No,2.6,1.6
EMP-1303,FY21,Manager,Male,45-54,Legal,Yes,No,No,3.1,4.1
EMP-1304,FY21,Manager,Male,16-24,Technology,No,No,No,3.9,1.2
EMP-1305,FY21,Manager,Female,65+,Sales,No,No,No,2.4,5.6
EMP-1306,FY21,Manager,Male,65+,Sales,No,No,No,3.8,5.0
EMP-1307,FY21,Manager,Male,45-54,Sales,No,No,Yes,3.2,3.4
EMP-1308,FY21,Senior Manager,Female,65+,Sales,Yes,No,No,2.9,5.4
EMP-1309,FY21,Senior Manager,Male,35-44,Legal,No,No,Yes,2.0,6.9
EMP-1310,FY21,Senior Manager,Male,45-54,Legal,No,No,No,2.1,2.9
EMP-1311,FY21,Senior Manager,Female,65+,HR,Yes,No,No,2.9,4.5
EMP-1312,FY21,Senior Manager,Male,16-24,Finance,No,No,No,3.4,7.5
EMP-1313,FY21,Senior Manager,Female,45-54,Strategy,Yes,No,No,2.9,7.7
EMP-1314,FY21,Senior Manager,Male,25-34,Sales,No,No,No,2.8,3.9
EMP-1315,FY21,Senior Manager,Male,45-54,Legal,No,No,No,4.1,7.0
EMP-1316,FY21,Senior Manager,Female,55-64,Legal,Yes,No,No,3.4,4.0
EMP-1317,FY21,Senior Manager,Male,35-44,Operations,Yes,No,No,3.5,5.2
EMP-1318,FY21,Senior Manager,Male,45-54,Technology,No,No,No,3.1,3.7
EMP-1319,FY21,Senior Manager,Male,25-34,HR,No,No,Yes,3.1,0.6
EMP-1320,FY21,Senior Manager,Female,25-34,Sales,No,No,No,3.6,1.9
EMP-1321,FY21,Senior Manager,Male,35-44,Technology,Yes,No,No,3.0,5.4
EMP-1322,FY21,Senior Manager,Female,45-54,HR,No,No,No,3.4,7.0
EMP-1323,FY21,Senior Manager,Female,45-54,Technology,Yes,No,No,2.4,7.8
EMP-1324,FY21,Senior Manager,Male,35-44,Sales,Yes,Yes,No,2.7,1.8
EMP-1325,FY21,Senior Manager,Male,55-64,Legal,No,No,No,2.7,6.8
EMP-1326,FY21,Senior Manager,Female,65+,Legal,No,No,No,2.4,2.5
EMP-1327,FY21,Senior Manager,Male,45-54,Operations,Yes,No,No,2.5,0.7
EMP-1328,FY21,Senior Manager,Female,65+,Legal,No,No,No,3.2,7.7
EMP-1329,FY21,Senior Manager,Male,55-64,Operations,No,No,No,4.4,6.3
EMP-1330,FY21,Senior Manager,Male,16-24,Finance,Yes,No,Yes,3.2,2.4
EMP-1331,FY21,Senior Manager,Male,35-44,Legal,No,No,No,2.6,3.9
EMP-1332,FY21,Senior Manager,Male,55-64,HR,No,No,No,4.0,7.5
EMP-1333,FY21,Senior Manager,Male,45-54,Finance,No,No,No,3.9,1.6
EMP-1334,FY21,Senior Manager,Male,35-44,Legal,Yes,No,No,2.8,2.7
EMP-1335,FY21,Senior Manager,Male,16-24,HR,No,No,No,2.5,0.8
EMP-1336,FY21,Senior Manager,Female,16-24,Technology,Yes,No,No,2.2,2.6
EMP-1337,FY21,Senior Manager,Female,25-34,Strategy,No,No,No,3.1,6.6
EMP-1338,FY21,Senior Manager,Male,55-64,Finance,Yes,No,No,3.6,5.8
EMP-1339,FY21,Senior Manager,Female,35-44,Sales,Yes,Yes,No,2.9,5.4
EMP-1340,FY21,Senior Manager,Male,65+,Technology,No,Yes,No,3.0,6.2
EMP-1341,FY21,Senior Manager,Male,35-44,Technology,No,No,No,2.0,2.9
EMP-1342,FY21,Senior Manager,Male,16-24,Legal,No,No,No,1.8,3.3
EMP-1343,FY21,Senior Manager,Male,55-64,Operations,No,Yes,No,3.7,7.0
EMP-1344,FY21,Senior Manager,Female,25-34,HR,Yes,No,Yes,3.1,5.1
EMP-1345,FY21,Senior Manager,Female,45-54,Legal,No,No,No,2.9,6.7
EMP-1346,FY21,Senior Manager,Male,65+,Legal,No,No,No,3.5,5.0
EMP-1347,FY21,Senior Manager,Male,45-54,Strategy,No,No,No,2.7,5.4
EMP-1348,FY21,Senior Manager,Male,25-34,Sales,No,No,Yes,2.9,1.0
EMP-1349,FY21,Senior Manager,Male,25-34,Operations,Yes,No,No,3.6,5.7
EMP-1350,FY21,Senior Manager,Male,65+,Strategy,No,No,No,3.0,5.5
EMP-1351,FY21,Senior Manager,Male,55-64,Finance,No,No,No,3.4,3.2
EMP-1352,FY21,Senior Manager,Male,55-64,Finance,No,No,No,4.8,7.3
EMP-1353,FY21,Senior Manager,Male,16-24,HR,Yes,No,Yes,3.6,1.0
EMP-1354,FY21,Senior Manager,Male,25-34,Operations,No,No,No,2.6,4.0
EMP-1355,FY21,Senior Manager,Male,25-34,HR,No,No,No,2.2,1.7
EMP-1356,FY21,Senior Manager,Male,16-24,Operations,No,No,No,3.4,0.7
EMP-1357,FY21,Senior Manager,Male,35-44,Strategy,No,No,No,4.1,6.1
EMP-1358,FY21,Director,Male,16-24,Strategy,No,No,Yes,3.9,1.9
EMP-1359,FY21,Director,Female,35-44,Finance,No,No,No,4.0,5.0
EMP-1360,FY21,Director,Male,55-64,HR,No,No,No,2.9,7.1
EMP-1361,FY21,Director,Male,16-24,Strategy,No,No,No,2.8,4.6
EMP-1362,FY21,Director,Male,25-34,HR,No,No,No,3.6,6.8
EMP-1363,FY21,Director,Male,65+,Technology,No,No,No,3.2,2.2
EMP-1364,FY21,Director,Male,35-44,Technology,No,No,No,2.8,1.7
EMP-1365,FY21,Director,Male,65+,Finance,No,No,No,2.7,0.5
EMP-1366,FY21,Director,Male,55-64,Technology,No,No,No,2.6,6.7
EMP-1367,FY21,Director,Female,35-44,Sales,No,No,No,3.1,4.2
EMP-1368,FY21,Director,Male,16-24,Technology,No,No,No,4.4,4.9
EMP-1369,FY21,Director,Male,55-64,Technology,No,No,No,2.4,1.2
EMP-1370,FY21,Director,Male,65+,Operations,No,No,No,2.7,0.8
EMP-1371,FY21,Director,Male,55-64,HR,Yes,No,Yes,3.8,3.8
EMP-1372,FY21,Director,Male,55-64,Technology,No,No,No,3.3,5.1
EMP-1373,FY21,Director,Male,45-54,Sales,No,No,No,3.7,5.7
EMP-1374,FY21,Director,Male,16-24,HR,No,No,No,2.9,7.0
EMP-1375,FY21,Director,Male,55-64,Legal,No,No,No,3.2,3.6
EMP-1376,FY21,Director,Male,45-54,Finance,Yes,No,Yes,3.7,6.6
EMP-1377,FY21,Director,Female,55-64,Legal,No,No,No,3.6,7.1
EMP-1378,FY21,Director,Male,55-64,Strategy,Yes,No,No,3.1,1.3
EMP-1379,FY21,Director,Female,65+,Technology,No,No,No,3.7,7.9
EMP-1380,FY21,Director,Male,25-34,Operations,No,No,No,2.2,7.9
EMP-1381,FY21,Director,Male,25-34,Operations,No,No,No,3.4,1.4
EMP-1382,FY21,Director,Female,45-54,HR,Yes,No,No,3.6,4.1
EMP-1383,FY21,Executive,Male,45-54,Strategy,No,No,No,3.9,0.6
EMP-1384,FY21,Executive,Male,65+,Finance,No,No,No,2.7,2.7
EMP-1385,FY21,Executive,Male,35-44,Operations,No,No,No,3.0,7.2
EMP-1386,FY21,Executive,Male,65+,Operations,No,No,No,2.8,3.0
EMP-1387,FY21,Executive,Male,65+,Technology,No,No,No,3.2,2.8
EMP-1388,FY21,Executive,Female,25-34,Sales,Yes,No,No,2.7,4.9
EMP-1389,FY21,Executive,Male,25-34,Operations,No,No,No,3.2,5.4
EMP-1390,FY21,Executive,Male,55-64,HR,Yes,No,No,3.2,5.7
EMP-1391,FY21,Executive,Male,55-64,Legal,No,No,No,2.7,6.0
EMP-1392,FY21,Executive,Male,35-44,Strategy,No,Yes,No,2.7,7.3
EMP-1393,FY21,Executive,Male,45-54,HR,No,No,No,3.1,2.1
EMP-1394,FY21,Executive,Male,25-34,Legal,No,No,No,3.1,1.5
